timestamp,title,price,total_area,rooms,floor,total_floors,address,latitude,longitude,description,json_description,url,images_count
2026-03-25 03:33:11,"31,5 м², апартаменты-студия",12078792,,,,,,,,"31,5 м², апартаменты-студия12 078 792 ₽383 210 ₽ за м²","Продается апартаменты-студию 31.52 м² по цене 12,08 млн ₽ на 4 этаже из 20. 📍 Адрес: Москва, улица Академика Ильюшина, 21, МФК «ДИУС». ✅ Характеристики, описание и фото объекта id 244099154636966976 на Яндекс Недвижимости",https://realty.yandex.ru/offer/244099154636966976/,8
2026-03-25 03:33:18,"127,6 м², 4-комнатная квартира",70001736,,,,,,,,"127,6 м², 4-комнатная квартира70 001 736 ₽548 775 ₽ за м²","Продается квартира 127.56 м² по цене 70 млн ₽ на 32 этаже из 49. 📍 Адрес: Москва, ВАО, район Сокольники, ЖК «Солос». ✅ Характеристики, описание и фото объекта id 5228381912133633986 на Яндекс Недвижимости",https://realty.yandex.ru/offer/5228381912133633986/,8
2026-03-25 03:33:29,"51,9 м², 1-комнатная квартира",62224300,,,,,,,,"51,9 м², 1-комнатная квартира62 224 300 ₽1 198 927 ₽ за м²","Продается однокомнатная квартира 51.9 м² по цене 62,22 млн ₽ на 2 этаже из 7. 📍 Адрес: Москва, Шлюзовая набережная, 3, Элитный жилой комплекс «Монблан». ✅ Характеристики, описание и фото объекта id 7665459514972870995 на Яндекс Недвижимости",https://realty.yandex.ru/offer/7665459514972870995/,8
2026-03-25 03:33:37,"22,6 м², апартаменты-студия",5690000,,,,,,,,"22,6 м², апартаменты-студия5 690 000 ₽251 770 ₽ за м²","Продается апартаменты-студию 22.6 м² по цене 5,69 млн ₽ на 3 этаже из 5. 📍 Адрес: Москва, 14-я Парковая улица, 8, ✅ Характеристики, описание и фото объекта id 4263223584747926146 на Яндекс Недвижимости",https://realty.yandex.ru/offer/4263223584747926146/,8
2026-03-25 03:33:46,"67,6 м², 2-комнатная квартира",39829920,,,,,,,,"67,6 м², 2-комнатная квартира39 829 920₽–9%36 245 227 ₽536 172 ₽ за м²","Продается двухкомнатная квартира 67.6 м² по цене 39,83 млн ₽ на 2 этаже из 21. 📍 Адрес: Москва, Старый Петровско-Разумовский проезд, 1, ЖК «Петровский парк II». ✅ Характеристики, описание и фото объекта id 4011615984005890368 на Яндекс Недвижимости",https://realty.yandex.ru/offer/4011615984005890368/,8
2026-03-25 03:33:55,"42,9 м², 1-комнатная квартира",29648190,,,,,,,,"42,9 м², 1-комнатная квартира29 648 190₽–12%26 090 407 ₽608 168 ₽ за м²","Продается однокомнатная квартира 42.9 м² по цене 29,65 млн ₽ на 3 этаже из 21. 📍 Адрес: Москва, ЖК Портленд, ЖК «ПОРТЛЕНД». ✅ Характеристики, описание и фото объекта id 3939908807157622332 на Яндекс Недвижимости",https://realty.yandex.ru/offer/3939908807157622332/,8
2026-03-25 03:34:05,"80 м², 2-комнатная квартира",61680000,,,,,,,,"80 м², 2-комнатная квартира61 680 000 ₽771 000 ₽ за м²","Продается двухкомнатная квартира 80 м² по цене 61,68 млн ₽ на 16 этаже из 34. 📍 Адрес: Москва, улица Демьяна Бедного, вл24, ЖК «Высотка на Жукова». ✅ Характеристики, описание и фото объекта id 1694903191200089333 на Яндекс Недвижимости",https://realty.yandex.ru/offer/1694903191200089333/,8
2026-03-25 03:34:13,"75,4 м², 4-комнатная квартира",36434240,,,,,,,,"75,4 м², 4-комнатная квартира36 434 240₽–9%33 088 237 ₽439 069 ₽ за м²","Продается квартира 75.36 м² по цене 36,43 млн ₽ на 26 этаже из 32. 📍 Адрес: Москва, ЖК Гранель Коломенское, ЖК «Гранель Коломенское». ✅ Характеристики, описание и фото объекта id 5226951667114243184 на Яндекс Недвижимости",https://realty.yandex.ru/offer/5226951667114243184/,8
2026-03-25 03:34:23,"54,2 м², 3-комнатная квартира",16300000,,,,,,,,"54,2 м², 3-комнатная квартира16 300 000 ₽300 738 ₽ за м²","Продается трехкомнатная квартира 54.2 м² по цене 16,3 млн ₽ на 2 этаже из 5. 📍 Адрес: Москва, Ярославская улица, 17, ✅ Характеристики, описание и фото объекта id 5226954973064353565 на Яндекс Недвижимости",https://realty.yandex.ru/offer/5226954973064353565/,8
2026-03-25 03:34:33,"43,1 м², 1-комнатная квартира",15060996,,,,,,,,"43,1 м², 1-комнатная квартира15 060 996 ₽349 200 ₽ за м²","Продается однокомнатная квартира 43.13 м² по цене 15,06 млн ₽ на 32 этаже из 32. 📍 Адрес: Москва, Проектируемый проезд № 990, Квартал Мит. ✅ Характеристики, описание и фото объекта id 4017216401911902660 на Яндекс Недвижимости",https://realty.yandex.ru/offer/4017216401911902660/,8
2026-03-25 03:34:44,"63,8 м², 2-комнатная квартира",26936360,,,,,,,,"63,8 м², 2-комнатная квартира26 936 360₽–7%25 050 814 ₽392 646 ₽ за м²","Продается двухкомнатная квартира 63.8 м² по цене 26,94 млн ₽ на 3 этаже из 10. 📍 Адрес: Москва, улица Маршала Прошлякова, 12к2с1, Строгино 360. ✅ Характеристики, описание и фото объекта id 4017216401905230348 на Яндекс Недвижимости",https://realty.yandex.ru/offer/4017216401905230348/,8
2026-03-25 03:34:56,"97,2 м², 3-комнатная квартира",29050000,,,,,,,,"97,2 м², 3-комнатная квартира29 050 000 ₽298 868 ₽ за м²","Продается трехкомнатная квартира 97.2 м² по цене 29,05 млн ₽ на 30 этаже из 30. 📍 Адрес: Москва, улица Михайлова, 30Ак6, Михайловский парк. ✅ Характеристики, описание и фото объекта id 3961344737879055232 на Яндекс Недвижимости",https://realty.yandex.ru/offer/3961344737879055232/,8
2026-03-25 03:35:08,"123,3 м², 3-комнатная квартира",59500000,,,,,,,,"123,3 м², 3-комнатная квартира59 500 000 ₽482 563 ₽ за м²","Продается трехкомнатная квартира 123.3 м² по цене 59,5 млн ₽ на 14 этаже из 15. 📍 Адрес: Москва, Петровско-Разумовская аллея, 10к2, ✅ Характеристики, описание и фото объекта id 637142908131073310 на Яндекс Недвижимости",https://realty.yandex.ru/offer/637142908131073310/,8
2026-03-25 03:35:17,"60,4 м², 2-комнатная квартира",38305656,,,,,,,,"60,4 м², 2-комнатная квартира38 305 656 ₽634 725 ₽ за м²","Продается двухкомнатная квартира 60.35 м² по цене 38,31 млн ₽ на 8 этаже из 24. 📍 Адрес: Москва, ЖК Мира, ЖК «МИРА». ✅ Характеристики, описание и фото объекта id 7524425128566333254 на Яндекс Недвижимости",https://realty.yandex.ru/offer/7524425128566333254/,8
2026-03-25 03:35:27,"73,3 м², 2-комнатная квартира",17000000,,,,,,,,"73,3 м², 2-комнатная квартира17 000 000 ₽231 924 ₽ за м²","Продается двухкомнатная квартира 73.3 м² по цене 17 млн ₽ на 5 этаже из 23. 📍 Адрес: Москва, НАО, Филимонковский район, улица Харлампиева, 32, ЖК «Детали». ✅ Характеристики, описание и фото объекта id 21046141074568400 на Яндекс Недвижимости",https://realty.yandex.ru/offer/21046141074568400/,8
2026-03-25 03:35:37,"43,8 м², 2-комнатная квартира",16900000,,,,,,,,"43,8 м², 2-комнатная квартира16 900 000 ₽385 845 ₽ за м²","Продается двухкомнатная квартира 43.8 м² по цене 16,9 млн ₽ на 3 этаже из 31. 📍 Адрес: Москва, ЖК Квартал Метроном, Квартал «Метроном». ✅ Характеристики, описание и фото объекта id 7053956998499585485 на Яндекс Недвижимости",https://realty.yandex.ru/offer/7053956998499585485/,8
2026-03-25 03:35:46,"73,6 м², 3-комнатная квартира",23345920,,,,,,,,"73,6 м², 3-комнатная квартира23 345 920 ₽317 200 ₽ за м²","Продается трехкомнатная квартира 73.6 м² по цене 23,35 млн ₽ на 15 этаже из 16. 📍 Адрес: Москва, ЖК Бунинская Набережная, 2.6/1.2, Бунинская набережная. ✅ Характеристики, описание и фото объекта id 4017216401910984068 на Яндекс Недвижимости",https://realty.yandex.ru/offer/4017216401910984068/,8
2026-03-25 03:35:56,"25,8 м², квартира-студия",16900000,,,,,,,,"25,8 м², квартира-студия16 900 000 ₽655 547 ₽ за м²","Продается квартира-студию 25.78 м² по цене 16,9 млн ₽ на 5 этаже из 30. 📍 Адрес: Москва, 3-й Красногорский проезд, 5, ЖК «МОМЕНТС». ✅ Характеристики, описание и фото объекта id 8596275627041314390 на Яндекс Недвижимости",https://realty.yandex.ru/offer/8596275627041314390/,8
2026-03-25 03:36:04,"164,1 м², 3-комнатная квартира",623580032,,,,,,,,"164,1 м², 3-комнатная квартира623 580 032 ₽3 800 000 ₽ за м²","Продается трехкомнатная квартира 164.1 м² по цене 623,58 млн ₽ на 6 этаже из 7. 📍 Адрес: Москва, Большой Черкасский переулок, 4с2, ЖК «Николь». ✅ Характеристики, описание и фото объекта id 101111890423401809 на Яндекс Недвижимости",https://realty.yandex.ru/offer/101111890423401809/,8
2026-03-25 03:36:12,"70 м², 2-комнатная квартира",37200000,,,,,,,,"70 м², 2-комнатная квартира37 200 000₽–12%32 736 000 ₽467 657 ₽ за м²","Продается двухкомнатная квартира 70 м² по цене 37,2 млн ₽ на 3 этаже из 29. 📍 Адрес: Москва, ЖК Юту, ЖК ЮТУ. ✅ Характеристики, описание и фото объекта id 2865359292061668435 на Яндекс Недвижимости",https://realty.yandex.ru/offer/2865359292061668435/,8
2026-03-25 03:36:22,"14,3 м², апартаменты-студия",4990000,,,,,,,,"14,3 м², апартаменты-студия4 990 000 ₽348 951 ₽ за м²","Продается апартаменты-студию 14.3 м² по цене 4,99 млн ₽ на 1 этаже из 8. 📍 Адрес: Москва, 2-й Карачаровский проезд, 2, ✅ Характеристики, описание и фото объекта id 3938452234512211132 на Яндекс Недвижимости",https://realty.yandex.ru/offer/3938452234512211132/,8
2026-03-25 03:36:31,"71,6 м², 3-комнатная квартира",43929824,,,,,,,,"71,6 м², 3-комнатная квартира43 929 824 ₽613 545 ₽ за м²","Продается трехкомнатная квартира 71.6 м² по цене 43,93 млн ₽ на 36 этаже из 43. 📍 Адрес: Москва, ЖК Марк, к2, ЖК «ЗИЛАРТ». ✅ Характеристики, описание и фото объекта id 3938451244122780115 на Яндекс Недвижимости",https://realty.yandex.ru/offer/3938451244122780115/,8
2026-03-25 03:36:41,"115,2 м², 3-комнатная квартира",95040000,,,,,,,,"115,2 м², 3-комнатная квартира95 040 000 ₽825 000 ₽ за м²","Продается трехкомнатная квартира 115.2 м² по цене 95,04 млн ₽ на 27 этаже из 35. 📍 Адрес: Москва, Ленинградский проспект, 37/8, Квартал Prime Park. ✅ Характеристики, описание и фото объекта id 7313021141321814771 на Яндекс Недвижимости",https://realty.yandex.ru/offer/7313021141321814771/,8
2026-03-25 03:36:49,"43,9 м², 2-комнатные апартаменты",14838200,,,,,,,,"43,9 м², 2-комнатные апартаменты14 838 200 ₽338 000 ₽ за м²","Продается 2-комнатные апартаменты 43.9 м² по цене 14,84 млн ₽ на 2 этаже из 18. 📍 Адрес: Москва, Электродная улица, 2А, ЭВОПАРК Измайлово. ✅ Характеристики, описание и фото объекта id 6301626192666020097 на Яндекс Недвижимости",https://realty.yandex.ru/offer/6301626192666020097/,8
2026-03-25 03:37:00,"53 м², 2-комнатная квартира",19990000,,,,,,,,"53 м², 2-комнатная квартира19 990 000 ₽377 170 ₽ за м²","Продается двухкомнатная квартира 53 м² по цене 19,99 млн ₽ на 2 этаже из 12. 📍 Адрес: посёлок городского типа Путилково, Вольная улица, 5, ЖК «Большое Путилково». ✅ Характеристики, описание и фото объекта id 6036382170908630830 на Яндекс Недвижимости",https://realty.yandex.ru/offer/6036382170908630830/,8
2026-03-25 03:37:10,"34,3 м², 1-комнатная квартира",14875910,,,,,,,,"34,3 м², 1-комнатная квартира14 875 910 ₽433 700 ₽ за м²","Продается однокомнатная квартира 34.3 м² по цене 14,88 млн ₽ на 14 этаже из 16. 📍 Адрес: Москва, НАО, район Коммунарка, ЖК Саларьево Парк, 74.7, Саларьево парк. ✅ Характеристики, описание и фото объекта id 4017216401188549341 на Яндекс Недвижимости",https://realty.yandex.ru/offer/4017216401188549341/,8
2026-03-25 03:37:21,"55,8 м², 2-комнатная квартира",18490000,,,,,,,,"55,8 м², 2-комнатная квартира18 490 000 ₽331 362 ₽ за м²","Продается двухкомнатная квартира 55.8 м² по цене 18,49 млн ₽ на 3 этаже из 31. 📍 Адрес: Москва, ЖК Квартал Метроном, Квартал «Метроном». ✅ Характеристики, описание и фото объекта id 7053956915960791788 на Яндекс Недвижимости",https://realty.yandex.ru/offer/7053956915960791788/,8
2026-03-25 03:37:29,"111,9 м², 3-комнатная квартира",120068704,,,,,,,,"111,9 м², 3-комнатная квартира120 068 704 ₽1 073 000 ₽ за м²","Продается трехкомнатная квартира 111.9 м² по цене 120,07 млн ₽ на 5 этаже из 28. 📍 Адрес: Москва, ЖК Начало, ЖК «Начало». ✅ Характеристики, описание и фото объекта id 7036087342869160190 на Яндекс Недвижимости",https://realty.yandex.ru/offer/7036087342869160190/,8
2026-03-25 03:37:38,"47,2 м², 1-комнатная квартира",31067040,,,,,,,,"47,2 м², 1-комнатная квартира31 067 040 ₽658 200 ₽ за м²","Продается однокомнатная квартира 47.2 м² по цене 31,07 млн ₽ на 28 этаже из 45. 📍 Адрес: Москва, Юго-ЗАО, Обручевский район, ЖК СТОУН Грэйн. ✅ Характеристики, описание и фото объекта id 2467402442499413921 на Яндекс Недвижимости",https://realty.yandex.ru/offer/2467402442499413921/,8
2026-03-25 03:37:47,"59,8 м², 2-комнатная квартира",30997000,,,,,,,,"59,8 м², 2-комнатная квартира30 997 000 ₽518 344 ₽ за м²","Продается двухкомнатная квартира 59.8 м² по цене 31 млн ₽ на 2 этаже из 28. 📍 Адрес: Москва, Варшавское шоссе, 37Ас2, ЖК «Роттердам». ✅ Характеристики, описание и фото объекта id 5179235881932725340 на Яндекс Недвижимости",https://realty.yandex.ru/offer/5179235881932725340/,8
2026-03-25 03:37:57,"43,8 м², 1-комнатная квартира",32438280,,,,,,,,"43,8 м², 1-комнатная квартира32 438 280₽–15%27 572 538 ₽629 510 ₽ за м²","Продается однокомнатная квартира 43.8 м² по цене 32,44 млн ₽ на 49 этаже из 55. 📍 Адрес: Москва, 4-я улица Марьиной Рощи, 10к1, ЖК «Мод». ✅ Характеристики, описание и фото объекта id 268290009326844949 на Яндекс Недвижимости",https://realty.yandex.ru/offer/268290009326844949/,8
2026-03-25 03:38:08,"57,1 м², 2-комнатная квартира",31900000,,,,,,,,"57,1 м², 2-комнатная квартира31 900 000 ₽558 669 ₽ за м²","Продается двухкомнатная квартира 57.1 м² по цене 31,9 млн ₽ на 26 этаже из 29. 📍 Адрес: Москва, ЖК Портленд, ЖК «ПОРТЛЕНД». ✅ Характеристики, описание и фото объекта id 7053956937398570445 на Яндекс Недвижимости",https://realty.yandex.ru/offer/7053956937398570445/,8
2026-03-25 03:38:18,"174 м², 4-комнатная квартира",552153984,,,,,,,,"174 м², 4-комнатная квартира552 153 984 ₽3 173 299 ₽ за м²","Продается квартира 174 м² по цене 552,15 млн ₽ на 11 этаже из 18. 📍 Адрес: Москва, ЖК Коллекция Лужники, ЖК «Коллекция Лужники». ✅ Характеристики, описание и фото объекта id 6988603487223917764 на Яндекс Недвижимости",https://realty.yandex.ru/offer/6988603487223917764/,8
2026-03-25 03:38:26,"164,4 м², 3-комнатная квартира",207949568,,,,,,,,"164,4 м², 3-комнатная квартира207 949 568 ₽1 264 900 ₽ за м²","Продается трехкомнатная квартира 164.4 м² по цене 207,95 млн ₽ на 24 этаже из 24. 📍 Адрес: Москва, Летниковская улица, 11к1, ЖК «ХАЙ ЛАЙФ». ✅ Характеристики, описание и фото объекта id 1940027475251621205 на Яндекс Недвижимости",https://realty.yandex.ru/offer/1940027475251621205/,8
2026-03-25 03:38:36,"61,1 м², 2-комнатные апартаменты",20651800,,,,,,,,"61,1 м², 2-комнатные апартаменты20 651 800 ₽338 000 ₽ за м²","Продается 2-комнатные апартаменты 61.1 м² по цене 20,65 млн ₽ на 11 этаже из 35. 📍 Адрес: Москва, проспект Мира, 222, МИРАПОЛИС. ✅ Характеристики, описание и фото объекта id 6172858407777328766 на Яндекс Недвижимости",https://realty.yandex.ru/offer/6172858407777328766/,8
2026-03-25 03:38:47,"44,2 м², 2-комнатная квартира",13500000,,,,,,,,"44,2 м², 2-комнатная квартира13 500 000 ₽305 430 ₽ за м²","Продается двухкомнатная квартира 44.2 м² по цене 13,5 млн ₽ на 3 этаже из 14. 📍 Адрес: Москва, улица Толбухина, 13к7, ✅ Характеристики, описание и фото объекта id 7035113340557126275 на Яндекс Недвижимости",https://realty.yandex.ru/offer/7035113340557126275/,8
2026-03-25 03:38:57,"90,3 м², 3-комнатная квартира",43064324,,,,,,,,"90,3 м², 3-комнатная квартира43 064 324 ₽476 850 ₽ за м²","Продается трехкомнатная квартира 90.31 м² по цене 43,06 млн ₽ на 54 этаже из 59. 📍 Адрес: Москва, Верейская улица, 29с32Д, ЖК «СЕТ». ✅ Характеристики, описание и фото объекта id 4905329972347861091 на Яндекс Недвижимости",https://realty.yandex.ru/offer/4905329972347861091/,8
2026-03-25 03:39:07,"53,8 м², 1-комнатная квартира",29598608,,,,,,,,"53,8 м², 1-комнатная квартира29 598 608 ₽550 160 ₽ за м²","Продается однокомнатная квартира 53.8 м² по цене 29,6 млн ₽ на 2 этаже из 50. 📍 Адрес: Москва, ЗАО, район Раменки, квартал Кинематографический, жилой комплекс Событие, ЖК «Событие». ✅ Характеристики, описание и фото объекта id 4311418805734244649 на Яндекс Недвижимости",https://realty.yandex.ru/offer/4311418805734244649/,8
2026-03-25 03:39:18,"70 м², 3-комнатная квартира",35020000,,,,,,,,"70 м², 3-комнатная квартира35 020 000 ₽500 286 ₽ за м²","Продается трехкомнатная квартира 70 м² по цене 35,02 млн ₽ на 15 этаже из 25. 📍 Адрес: Москва, улица Крузенштерна, 3к4, Квартал «СИМВОЛ». ✅ Характеристики, описание и фото объекта id 7053956916217619910 на Яндекс Недвижимости",https://realty.yandex.ru/offer/7053956916217619910/,8
2026-03-25 03:39:26,"45,8 м², 2-комнатная квартира",64475972,,,,,,,,"45,8 м², 2-комнатная квартира64 475 972 ₽1 407 772 ₽ за м²","Продается двухкомнатная квартира 45.8 м² по цене 64,48 млн ₽ на 11 этаже из 18. 📍 Адрес: Москва, Кутузовский проспект, 12с3, ЖК «Бадаевский». ✅ Характеристики, описание и фото объекта id 3858612863052930319 на Яндекс Недвижимости",https://realty.yandex.ru/offer/3858612863052930319/,8
2026-03-25 03:39:36,"105,5 м², 4-комнатная квартира",65249052,,,,,,,,"105,5 м², 4-комнатная квартира65 249 052 ₽618 709 ₽ за м²","Продается квартира 105.46 м² по цене 65,25 млн ₽ на 12 этаже из 23. 📍 Адрес: Москва, ЖК Мира, ЖК «МИРА». ✅ Характеристики, описание и фото объекта id 7664504170425032293 на Яндекс Недвижимости",https://realty.yandex.ru/offer/7664504170425032293/,8
2026-03-25 03:39:46,"65,7 м², 2-комнатная квартира",25583580,,,,,,,,"65,7 м², 2-комнатная квартира25 583 580 ₽389 400 ₽ за м²","Продается двухкомнатная квартира 65.7 м² по цене 25,58 млн ₽ на 5 этаже из 33. 📍 Адрес: Москва, жилой комплекс Сигнальный 16, 2.1, Сигнальный 16. ✅ Характеристики, описание и фото объекта id 4017216401848892808 на Яндекс Недвижимости",https://realty.yandex.ru/offer/4017216401848892808/,8
2026-03-25 03:39:56,"87,6 м², 2-комнатная квартира",62814456,,,,,,,,"87,6 м², 2-комнатная квартира62 814 456 ₽717 060 ₽ за м²","Продается двухкомнатная квартира 87.6 м² по цене 62,81 млн ₽ на 3 этаже из 21. 📍 Адрес: Москва, Крылатская улица, 33к3, Клубный квартал «Крылатская 33». ✅ Характеристики, описание и фото объекта id 7040924941834436839 на Яндекс Недвижимости",https://realty.yandex.ru/offer/7040924941834436839/,8
2026-03-25 03:40:06,"48,6 м², 1-комнатная квартира",32000000,,,,,,,,"48,6 м², 1-комнатная квартира32 000 000 ₽658 436 ₽ за м²","Продается однокомнатная квартира 48.6 м² по цене 32 млн ₽ на 9 этаже из 41. 📍 Адрес: Москва, 1-й Сетуньский проезд, 8, ЖК Hide. ✅ Характеристики, описание и фото объекта id 5180127926972982402 на Яндекс Недвижимости",https://realty.yandex.ru/offer/5180127926972982402/,8
2026-03-25 03:40:15,"49 м², 2-комнатная квартира",27530650,,,,,,,,"49 м², 2-комнатная квартира27 530 650 ₽561 850 ₽ за м²","Продается двухкомнатная квартира 49 м² по цене 27,53 млн ₽ на 22 этаже из 59. 📍 Адрес: Москва, ЗАО, Можайский район, ЖК «Веер». ✅ Характеристики, описание и фото объекта id 8704092471124091232 на Яндекс Недвижимости",https://realty.yandex.ru/offer/8704092471124091232/,8
2026-03-25 03:40:25,"56,7 м², 2-комнатная квартира",38669400,,,,,,,,"56,7 м², 2-комнатная квартира38 669 400₽–16%32 482 296 ₽572 880 ₽ за м²","Продается двухкомнатная квартира 56.7 м² по цене 38,67 млн ₽ на 23 этаже из 34. 📍 Адрес: Москва, жилой комплекс Моментс, к2.2, ЖК «МОМЕНТС». ✅ Характеристики, описание и фото объекта id 3940749867770999413 на Яндекс Недвижимости",https://realty.yandex.ru/offer/3940749867770999413/,8
2026-03-25 03:40:34,"111,9 м², 4-комнатная квартира",86252520,,,,,,,,"111,9 м², 4-комнатная квартира86 252 520 ₽770 800 ₽ за м²","Продается квартира 111.9 м² по цене 86,25 млн ₽ на 29 этаже из 32. 📍 Адрес: Москва, ЖК Эра, 6, Квартал «Эра». ✅ Характеристики, описание и фото объекта id 7254610103824883720 на Яндекс Недвижимости",https://realty.yandex.ru/offer/7254610103824883720/,8
2026-03-25 03:40:44,"63 м², 2-комнатная квартира",24900000,,,,,,,,"63 м², 2-комнатная квартира24 900 000 ₽395 238 ₽ за м²","Продается двухкомнатная квартира 63 м² по цене 24,9 млн ₽ на 26 этаже из 27. 📍 Адрес: Москва, Электролитный проезд, 7к2, ЖК TopHills. ✅ Характеристики, описание и фото объекта id 5755522838676231169 на Яндекс Недвижимости",https://realty.yandex.ru/offer/5755522838676231169/,8
2026-03-25 03:40:54,"99,9 м², 1-комнатная квартира",78221696,,,,,,,,"99,9 м², 1-комнатная квартира78 221 696 ₽783 000 ₽ за м²","Продается однокомнатная квартира 99.9 м² по цене 78,22 млн ₽ на 15 этаже из 22. 📍 Адрес: Москва, Покровская набережная, 16, ЖК «Клубный город на реке Примавера». ✅ Характеристики, описание и фото объекта id 4714072055855627274 на Яндекс Недвижимости",https://realty.yandex.ru/offer/4714072055855627274/,8
2026-03-25 03:41:04,"236,7 м², 3-комнатная квартира",455884192,,,,,,,,"236,7 м², 3-комнатная квартира455 884 192 ₽1 926 000 ₽ за м²","Продается трехкомнатная квартира 236.7 м² по цене 455,88 млн ₽ на 11 этаже из 11. 📍 Адрес: Москва, Дербеневская набережная, 27с24, Клубный дом «ОПУС». ✅ Характеристики, описание и фото объекта id 4768422148184356812 на Яндекс Недвижимости",https://realty.yandex.ru/offer/4768422148184356812/,8
2026-03-25 03:41:14,"40,7 м², 1-комнатная квартира",21990000,,,,,,,,"40,7 м², 1-комнатная квартира21 990 000 ₽540 295 ₽ за м²","Продается однокомнатная квартира 40.7 м² по цене 21,99 млн ₽ на 8 этаже из 25. 📍 Адрес: Москва, Рязанский проспект, 2/1к2Г, Квартальная застройка Sreda. ✅ Характеристики, описание и фото объекта id 7035113340556225720 на Яндекс Недвижимости",https://realty.yandex.ru/offer/7035113340556225720/,8
2026-03-25 03:41:22,"63,5 м², 2-комнатная квартира",25786396,,,,,,,,"63,5 м², 2-комнатная квартира25 786 396 ₽406 085 ₽ за м²","Продается двухкомнатная квартира 63.5 м² по цене 25,79 млн ₽ на 27 этаже из 42. 📍 Адрес: Москва, улица Борисовские Пруды, 1Ас12, ЖК «ВЕЙВ». ✅ Характеристики, описание и фото объекта id 3938451244122811884 на Яндекс Недвижимости",https://realty.yandex.ru/offer/3938451244122811884/,8
2026-03-25 03:41:33,"42,2 м², 2-комнатная квартира",16800000,,,,,,,,"42,2 м², 2-комнатная квартира16 800 000 ₽398 104 ₽ за м²","Продается двухкомнатная квартира 42.2 м² по цене 16,8 млн ₽ на 3 этаже из 5. 📍 Адрес: Москва, Мосфильмовская улица, 31, ✅ Характеристики, описание и фото объекта id 7195950995932772602 на Яндекс Недвижимости",https://realty.yandex.ru/offer/7195950995932772602/,8
2026-03-25 03:41:42,"42,4 м², 1-комнатная квартира",27750800,,,,,,,,"42,4 м², 1-комнатная квартира27 750 800 ₽654 500 ₽ за м²","Продается однокомнатная квартира 42.4 м² по цене 27,75 млн ₽ на 26 этаже из 28. 📍 Адрес: Москва, ВАО, район Сокольники, ЖК СТОУН Сокольники. ✅ Характеристики, описание и фото объекта id 6969646856317058062 на Яндекс Недвижимости",https://realty.yandex.ru/offer/6969646856317058062/,8
2026-03-25 03:41:52,"130 м², 4-комнатная квартира",215000000,,,,,,,,"130 м², 4-комнатная квартира215 000 000 ₽1 653 846 ₽ за м²","Продается квартира 130 м² по цене 215 млн ₽ на 3 этаже из 9. 📍 Адрес: Москва, Саввинская набережная, 13, ЖК SAVVIN RIVER RESIDENCE. ✅ Характеристики, описание и фото объекта id 4805508911743455365 на Яндекс Недвижимости",https://realty.yandex.ru/offer/4805508911743455365/,8
2026-03-25 03:42:02,"40 м², 1-комнатные апартаменты",15890000,,,,,,,,"40 м², 1-комнатные апартаменты15 890 000 ₽397 250 ₽ за м²","Продается 1-комнатные апартаменты 40 м² по цене 15,89 млн ₽ на 3 этаже из 7. 📍 Адрес: Москва, Нижегородская улица, 32с3, ЖК Loft FM. ✅ Характеристики, описание и фото объекта id 5180127926972921140 на Яндекс Недвижимости",https://realty.yandex.ru/offer/5180127926972921140/,8
2026-03-25 03:42:14,"58,5 м², 3-комнатная квартира",32526000,,,,,,,,"58,5 м², 3-комнатная квартира32 526 000₽–9%29 598 660 ₽505 960 ₽ за м²","Продается трехкомнатная квартира 58.5 м² по цене 32,53 млн ₽ на 20 этаже из 20. 📍 Адрес: Москва, САО, Головинский район, жилой комплекс Михалковский, ЖК «Михалковский». ✅ Характеристики, описание и фото объекта id 8188543942799164065 на Яндекс Недвижимости",https://realty.yandex.ru/offer/8188543942799164065/,8
2026-03-25 03:42:23,"32 м², 1-комнатная квартира",22681860,,,,,,,,"32 м², 1-комнатная квартира22 681 860 ₽708 808 ₽ за м²","Продается однокомнатная квартира 32 м² по цене 22,68 млн ₽ на 3 этаже из 22. 📍 Адрес: Москва, Полковая улица, 1к1, ЖК «Прайд». ✅ Характеристики, описание и фото объекта id 6297526344386636329 на Яндекс Недвижимости",https://realty.yandex.ru/offer/6297526344386636329/,8
2026-03-25 03:42:32,"152,5 м², 4-комнатная квартира",92240000,,,,,,,,"152,5 м², 4-комнатная квартира92 240 000 ₽604 852 ₽ за м²","Продается квартира 152.5 м² по цене 92,24 млн ₽ на 15 этаже из 16. 📍 Адрес: Москва, ЮАО, Даниловский район, микрорайон Г, ЖК Форивер, 2, Квартал Foriver. ✅ Характеристики, описание и фото объекта id 3922755455572022886 на Яндекс Недвижимости",https://realty.yandex.ru/offer/3922755455572022886/,8
2026-03-25 03:42:42,"26 м², квартира-студия",12000000,,,,,,,,"26 м², квартира-студия12 000 000 ₽461 538 ₽ за м²","Продается квартира-студию 26 м² по цене 12 млн ₽ на 3 этаже из 16. 📍 Адрес: Москва, Дмитровское шоссе, 107Ак5, ЖК «Город». ✅ Характеристики, описание и фото объекта id 7035113340557124226 на Яндекс Недвижимости",https://realty.yandex.ru/offer/7035113340557124226/,8
2026-03-25 03:42:50,"117,1 м², 3-комнатная квартира",87906968,,,,,,,,"117,1 м², 3-комнатная квартира87 906 968 ₽750 700 ₽ за м²","Продается трехкомнатная квартира 117.1 м² по цене 87,91 млн ₽ на 20 этаже из 25. 📍 Адрес: Москва, ЖК Мастерс, Премиальный дом МАСТЕРС. ✅ Характеристики, описание и фото объекта id 8410972824084096292 на Яндекс Недвижимости",https://realty.yandex.ru/offer/8410972824084096292/,8
2026-03-25 03:42:59,"295,6 м², 2-комнатная квартира",945856000,,,,,,,,"295,6 м², 2-комнатная квартира945 856 000 ₽3 200 000 ₽ за м²","Продается двухкомнатная квартира 295.58 м² по цене 945,86 млн ₽ на 8 этаже из 8. 📍 Адрес: Москва, Машкова улица, 18, Дом Соболева. ✅ Характеристики, описание и фото объекта id 8431797464374564582 на Яндекс Недвижимости",https://realty.yandex.ru/offer/8431797464374564582/,8
2026-03-25 03:43:10,"37 м², 1-комнатные апартаменты",10000000,,,,,,,,"37 м², 1-комнатные апартаменты10 000 000 ₽270 270 ₽ за м²","Продается 1-комнатные апартаменты 37 м² по цене 10 млн ₽ на 3 этаже из 17. 📍 Адрес: Москва, Смольная улица, 2, ✅ Характеристики, описание и фото объекта id 3961344737880931193 на Яндекс Недвижимости",https://realty.yandex.ru/offer/3961344737880931193/,8
2026-03-25 03:43:20,"173,4 м², 4-комнатная квартира",285797888,,,,,,,,"173,4 м², 4-комнатная квартира285 797 888 ₽1 648 200 ₽ за м²","Продается квартира 173.4 м² по цене 285,8 млн ₽ на 14 этаже из 15. 📍 Адрес: Москва, историческая местность Миусы, Клубный дом «Энигмия». ✅ Характеристики, описание и фото объекта id 3219086721053931027 на Яндекс Недвижимости",https://realty.yandex.ru/offer/3219086721053931027/,8
2026-03-25 03:43:29,"273,6 м², 5-комнатные апартаменты",1056659968,,,,,,,,"273,6 м², 5-комнатные апартаменты1 056 659 968 ₽3 862 061 ₽ за м²","Продается апартаменты 273.6 м² по цене 1,06 млрд ₽ на 5 этаже из 5. 📍 Адрес: Москва, ЦАО, Тверской район, ЖК Ильинка 3/8, Клубные особняки «Ильинка 3/8». ✅ Характеристики, описание и фото объекта id 6196020375068817404 на Яндекс Недвижимости",https://realty.yandex.ru/offer/6196020375068817404/,8
2026-03-25 03:43:39,"54,9 м², 1-комнатная квартира",84161696,,,,,,,,"54,9 м², 1-комнатная квартира84 161 696 ₽1 533 000 ₽ за м²","Продается однокомнатная квартира 54.9 м² по цене 84,16 млн ₽ на 8 этаже из 19. 📍 Адрес: Москва, Большая Татарская улица, 35с15-16, ТАТАРСКАЯ 35. ✅ Характеристики, описание и фото объекта id 6396785477905549549 на Яндекс Недвижимости",https://realty.yandex.ru/offer/6396785477905549549/,8
2026-03-25 03:43:50,"28,4 м², апартаменты-студия",10900000,,,,,,,,"28,4 м², апартаменты-студия10 900 000 ₽383 803 ₽ за м²","Продается апартаменты-студию от собственника 28.4 м² по цене 10,9 млн ₽ на 3 этаже из 15. 📍 Адрес: Москва, Автозаводская улица, 23с931к4, Апарт-комплекс «ТехноПарк». ✅ Характеристики, описание и фото объекта id 4670598243228544769 на Яндекс Недвижимости",https://realty.yandex.ru/offer/4670598243228544769/,8
2026-03-25 03:43:58,"43,6 м², 1-комнатная квартира",28239840,,,,,,,,"43,6 м², 1-комнатная квартира28 239 840 ₽648 000 ₽ за м²","Продается однокомнатная квартира 43.58 м² по цене 28,24 млн ₽ на 5 этаже из 25. 📍 Адрес: Москва, улица Берзарина, 37, ЖК «Квартал Серебряный бор». ✅ Характеристики, описание и фото объекта id 3956170510427183552 на Яндекс Недвижимости",https://realty.yandex.ru/offer/3956170510427183552/,8
2026-03-25 03:44:08,"53,4 м², 2-комнатная квартира",30908812,,,,,,,,"53,4 м², 2-комнатная квартира30 908 812 ₽578 600 ₽ за м²","Продается двухкомнатная квартира 53.42 м² по цене 30,91 млн ₽ на 14 этаже из 44. 📍 Адрес: Москва, ЗАО, район Кунцево, 48-й квартал, ЖК Среда на Кутузовском, ЖК «Среда на Кутузовском». ✅ Характеристики, описание и фото объекта id 3961376157109019240 на Яндекс Недвижимости",https://realty.yandex.ru/offer/3961376157109019240/,8
2026-03-25 03:44:17,"133,4 м², 4-комнатная квартира",177528720,,,,,,,,"133,4 м², 4-комнатная квартира177 528 720₽–12%156 225 273 ₽1 171 104 ₽ за м²","Продается квартира 133.4 м² по цене 177,53 млн ₽ на 14 этаже из 18. 📍 Адрес: Москва, ЖК Шифт, к3, Жилой квартал «ШИФТ». ✅ Характеристики, описание и фото объекта id 3661213715307719607 на Яндекс Недвижимости",https://realty.yandex.ru/offer/3661213715307719607/,8
2026-03-25 03:44:26,"64,9 м², 2-комнатные апартаменты",17003800,,,,,,,,"64,9 м², 2-комнатные апартаменты17 003 800 ₽262 000 ₽ за м²","Продается 2-комнатные апартаменты 64.9 м² по цене 17 млн ₽ на 15 этаже из 20. 📍 Адрес: Москва, Долгопрудненское шоссе, 3А, ФизтехСити. ✅ Характеристики, описание и фото объекта id 6277030519089357848 на Яндекс Недвижимости",https://realty.yandex.ru/offer/6277030519089357848/,8
2026-03-25 03:44:36,"60,6 м², 2-комнатная квартира",21723282,,,,,,,,"60,6 м², 2-комнатная квартира21 723 282 ₽358 470 ₽ за м²","Продается двухкомнатная квартира 60.6 м² по цене 21,72 млн ₽ на 4 этаже из 19. 📍 Адрес: Москва, НАО, район Коммунарка, ЖК Прокшино, ЖК «Прокшино». ✅ Характеристики, описание и фото объекта id 3221624791709369365 на Яндекс Недвижимости",https://realty.yandex.ru/offer/3221624791709369365/,8
2026-03-25 03:44:46,"91 м², 3-комнатная квартира",53985752,,,,,,,,"91 м², 3-комнатная квартира53 985 752 ₽593 250 ₽ за м²","Продается трехкомнатная квартира 91 м² по цене 53,99 млн ₽ на 34 этаже из 42. 📍 Адрес: Москва, жилой комплекс Алиа, 4-й квартал, блок Ривер 1, к1, Жилой район «Алиа». ✅ Характеристики, описание и фото объекта id 1978009923578967229 на Яндекс Недвижимости",https://realty.yandex.ru/offer/1978009923578967229/,8
2026-03-25 03:44:55,"59,4 м², 2-комнатная квартира",31056578,,,,,,,,"59,4 м², 2-комнатная квартира31 056 578 ₽522 750 ₽ за м²","Продается двухкомнатная квартира 59.41 м² по цене 31,06 млн ₽ на 48 этаже из 59. 📍 Адрес: Москва, Верейская улица, 29с32Д, ЖК «СЕТ». ✅ Характеристики, описание и фото объекта id 5057669127048666948 на Яндекс Недвижимости",https://realty.yandex.ru/offer/5057669127048666948/,8
2026-03-25 03:45:05,"101,3 м², 4-комнатная квартира",51079700,,,,,,,,"101,3 м², 4-комнатная квартира51 079 700 ₽504 242 ₽ за м²","Продается квартира 101.3 м² по цене 51,08 млн ₽ на 29 этаже из 35. 📍 Адрес: Москва, ЖК Инджой, Яркий квартал Инджой. ✅ Характеристики, описание и фото объекта id 2931112752120602754 на Яндекс Недвижимости",https://realty.yandex.ru/offer/2931112752120602754/,8
2026-03-25 03:45:16,"49 м², 3-комнатные апартаменты",14500000,,,,,,,,"49 м², 3-комнатные апартаменты14 500 000 ₽295 918 ₽ за м²","Продается 3-комнатные апартаменты 49 м² по цене 14,5 млн ₽ на 5 этаже из 21. 📍 Адрес: Москва, Автомобильный проезд, 4, Апарт-комплекс N’ICE LOFT. ✅ Характеристики, описание и фото объекта id 5180127926972981590 на Яндекс Недвижимости",https://realty.yandex.ru/offer/5180127926972981590/,8
2026-03-25 03:45:28,"54,9 м², 2-комнатная квартира",19900000,,,,,,,,"54,9 м², 2-комнатная квартира19 900 000 ₽362 477 ₽ за м²","Продается двухкомнатная квартира 54.9 м² по цене 19,9 млн ₽ на 12 этаже из 23. 📍 Адрес: Москва, ЖК 1-й Измайловский, к2, ЖК «1-й Измайловский». ✅ Характеристики, описание и фото объекта id 7053956943532575698 на Яндекс Недвижимости",https://realty.yandex.ru/offer/7053956943532575698/,8
2026-03-25 03:45:36,"46,4 м², 1-комнатная квартира",45831600,,,,,,,,"46,4 м², 1-комнатная квартира45 831 600₽–15%38 956 860 ₽839 588 ₽ за м²","Продается однокомнатная квартира 46.4 м² по цене 45,83 млн ₽ на 12 этаже из 34. 📍 Адрес: Москва, 3-й Сетуньский проезд, 10, ЖК ХАЙДАУТ. ✅ Характеристики, описание и фото объекта id 3938323447995294479 на Яндекс Недвижимости",https://realty.yandex.ru/offer/3938323447995294479/,8
2026-03-25 03:45:46,"107 м², 3-комнатная квартира",54784000,,,,,,,,"107 м², 3-комнатная квартира54 784 000₽–22%42 731 520 ₽399 360 ₽ за м²","Продается трехкомнатная квартира 107 м² по цене 54,78 млн ₽ на 2 этаже из 32. 📍 Адрес: Москва, улица Годовикова, 11к4, ЖК iLove. ✅ Характеристики, описание и фото объекта id 4272126711870660791 на Яндекс Недвижимости",https://realty.yandex.ru/offer/4272126711870660791/,8
2026-03-25 03:45:58,"57,5 м², 2-комнатная квартира",31800000,,,,,,,,"57,5 м², 2-комнатная квартира31 800 000 ₽553 043 ₽ за м²","Продается двухкомнатная квартира 57.5 м² по цене 31,8 млн ₽ на 5 этаже из 7. 📍 Адрес: Москва, Долгоруковская улица, 39/6, ✅ Характеристики, описание и фото объекта id 2212687426543550464 на Яндекс Недвижимости",https://realty.yandex.ru/offer/2212687426543550464/,8
2026-03-25 03:46:08,"98,1 м², 3-комнатная квартира",59900000,,,,,,,,"98,1 м², 3-комнатная квартира59 900 000 ₽610 601 ₽ за м²","Продается трехкомнатная квартира 98.1 м² по цене 59,9 млн ₽ на 6 этаже из 12. 📍 Адрес: Москва, улица Петра Кончаловского, 5, Квартал «Шагал». ✅ Характеристики, описание и фото объекта id 7053956916164179873 на Яндекс Недвижимости",https://realty.yandex.ru/offer/7053956916164179873/,8
2026-03-25 03:46:15,"129,2 м², 4-комнатная квартира",84685560,,,,,,,,"129,2 м², 4-комнатная квартира84 685 560 ₽655 461 ₽ за м²","Продается квартира 129.2 м² по цене 84,69 млн ₽ на 20 этаже из 21. 📍 Адрес: Москва, Щукинская улица, 3, Клубный дом «Интонация». ✅ Характеристики, описание и фото объекта id 6237159577203235288 на Яндекс Недвижимости",https://realty.yandex.ru/offer/6237159577203235288/,8
2026-03-25 03:46:26,"50,8 м², 2-комнатная квартира",18000000,,,,,,,,"50,8 м², 2-комнатная квартира18 000 000 ₽354 331 ₽ за м²","Продается двухкомнатная квартира 50.8 м² по цене 18 млн ₽ на 24 этаже из 43. 📍 Адрес: Москва, Строительный проезд, 9к1, ЖК «Скай Гарден». ✅ Характеристики, описание и фото объекта id 8596275603962675389 на Яндекс Недвижимости",https://realty.yandex.ru/offer/8596275603962675389/,8
2026-03-25 03:46:37,"93,5 м², 3-комнатная квартира",30500000,,,,,,,,"93,5 м², 3-комнатная квартира30 500 000 ₽326 203 ₽ за м²","Продается трехкомнатная квартира 93.5 м² по цене 30,5 млн ₽ на 5 этаже из 5. 📍 Адрес: Москва, Красноармейская улица, 12, ✅ Характеристики, описание и фото объекта id 7035113340557126085 на Яндекс Недвижимости",https://realty.yandex.ru/offer/7035113340557126085/,8
2026-03-25 03:46:45,"94,4 м², 3-комнатная квартира",61163528,,,,,,,,"94,4 м², 3-комнатная квартира61 163 528 ₽647 919 ₽ за м²","Продается трехкомнатная квартира 94.4 м² по цене 61,16 млн ₽ на 10 этаже из 22. 📍 Адрес: Москва, САО, район Аэропорт, ЖК «Дом на Часовой». ✅ Характеристики, описание и фото объекта id 5228459584680815586 на Яндекс Недвижимости",https://realty.yandex.ru/offer/5228459584680815586/,8
2026-03-25 03:46:54,"57,7 м², 2-комнатная квартира",35658600,,,,,,,,"57,7 м², 2-комнатная квартира35 658 600 ₽618 000 ₽ за м²","Продается двухкомнатная квартира 57.7 м² по цене 35,66 млн ₽ на 14 этаже из 19. 📍 Адрес: Москва, улица Расплетина, 2к1, ЖК «Театральный квартал». ✅ Характеристики, описание и фото объекта id 3542202109376499467 на Яндекс Недвижимости",https://realty.yandex.ru/offer/3542202109376499467/,8
2026-03-25 03:47:02,"79,7 м², 3-комнатная квартира",56360172,,,,,,,,"79,7 м², 3-комнатная квартира56 360 172 ₽707 154 ₽ за м²","Продается трехкомнатная квартира 79.7 м² по цене 56,36 млн ₽ на 23 этаже из 57. 📍 Адрес: Москва, Юго-ЗАО, район Коньково, 40-й квартал, дом Обручева 30, к1, Дом «Обручева 30». ✅ Характеристики, описание и фото объекта id 3938451244122809933 на Яндекс Недвижимости",https://realty.yandex.ru/offer/3938451244122809933/,8
2026-03-25 03:47:12,"135,4 м², 3-комнатная квартира",165790000,,,,,,,,"135,4 м², 3-комнатная квартира165 790 000 ₽1 224 446 ₽ за м²","Продается трехкомнатная квартира 135.4 м² по цене 165,79 млн ₽ на 3 этаже из 9. 📍 Адрес: Москва, жилой комплекс Лайф Тайм, Квартал Life Time. ✅ Характеристики, описание и фото объекта id 3922755367021999261 на Яндекс Недвижимости",https://realty.yandex.ru/offer/3922755367021999261/,8
2026-03-25 03:47:21,"56,2 м², 2-комнатная квартира",18115396,,,,,,,,"56,2 м², 2-комнатная квартира18 115 396 ₽322 338 ₽ за м²","Продается двухкомнатная квартира 56.2 м² по цене 18,12 млн ₽ на 3 этаже из 25. 📍 Адрес: Москва, Люблинская улица, 76к5, ЖК Люблинская ул., д. 76, к. 5. ✅ Характеристики, описание и фото объекта id 2422063520852513836 на Яндекс Недвижимости",https://realty.yandex.ru/offer/2422063520852513836/,8
2026-03-25 03:47:32,"160 м², 5-комнатная квартира",125000000,,,,,,,,"160 м², 5-комнатная квартира125 000 000 ₽781 250 ₽ за м²","Продается квартира 160 м² по цене 125 млн ₽ на 6 этаже из 6. 📍 Адрес: Москва, улица Чаплыгина, 1Ас1, ✅ Характеристики, описание и фото объекта id 7412512198693509192 на Яндекс Недвижимости",https://realty.yandex.ru/offer/7412512198693509192/,8
2026-03-25 03:47:42,"109 м², 3-комнатная квартира",58772800,,,,,,,,"109 м², 3-комнатная квартира58 772 800 ₽539 200 ₽ за м²","Продается трехкомнатная квартира 109 м² по цене 58,77 млн ₽ на 3 этаже из 39. 📍 Адрес: Москва, ВАО, район Сокольники, КОД Сокольники. ✅ Характеристики, описание и фото объекта id 7016475113487123811 на Яндекс Недвижимости",https://realty.yandex.ru/offer/7016475113487123811/,8
2026-03-25 03:47:54,"28,1 м², квартира-студия",22982990,,,,,,,,"28,1 м², квартира-студия22 982 990₽–8%21 144 351 ₽752 468 ₽ за м²","Продается квартира-студию 28.1 м² по цене 22,98 млн ₽ на 7 этаже из 25. 📍 Адрес: Москва, ЮВАО, район Лефортово, ЖК Символ, Квартал «СИМВОЛ». ✅ Характеристики, описание и фото объекта id 5087804217682347209 на Яндекс Недвижимости",https://realty.yandex.ru/offer/5087804217682347209/,8
2026-03-25 03:48:07,"64,1 м², 3-комнатная квартира",26536118,,,,,,,,"64,1 м², 3-комнатная квартира26 536 118 ₽413 980 ₽ за м²","Продается трехкомнатная квартира 64.1 м² по цене 26,54 млн ₽ на 14 этаже из 18. 📍 Адрес: Москва, НАО, район Коммунарка, ЖК Скандинавия, 18.2.2, Жилой район «Скандинавия». ✅ Характеристики, описание и фото объекта id 3221624791686427598 на Яндекс Недвижимости",https://realty.yandex.ru/offer/3221624791686427598/,8
2026-03-25 03:48:17,"55,5 м², 2-комнатная квартира",39500000,,,,,,,,"55,5 м², 2-комнатная квартира39 500 000 ₽711 712 ₽ за м²","Продается двухкомнатная квартира 55.5 м² по цене 39,5 млн ₽ на 8 этаже из 26. 📍 Адрес: Москва, ЖК Репаблик, к2.2, ЖК «РЕПАБЛИК». ✅ Характеристики, описание и фото объекта id 5180127926972832448 на Яндекс Недвижимости",https://realty.yandex.ru/offer/5180127926972832448/,8
2026-03-25 03:48:25,"259,8 м², 3-комнатная квартира",928560000,,,,,,,,"259,8 м², 3-комнатная квартира928 560 000 ₽3 574 134 ₽ за м²","Продается трехкомнатная квартира 259.8 м² по цене 928,56 млн ₽ на 5 этаже из 9. 📍 Адрес: Москва, Фрунзенская набережная, 30с1, Клубный квартал Фрунзенская набережная. ✅ Характеристики, описание и фото объекта id 6747581616178253920 на Яндекс Недвижимости",https://realty.yandex.ru/offer/6747581616178253920/,8
2026-03-25 03:48:35,"84,2 м², 3-комнатная квартира",55437280,,,,,,,,"84,2 м², 3-комнатная квартира55 437 280₽–18%45 458 569 ₽539 888 ₽ за м²","Продается трехкомнатная квартира 84.2 м² по цене 55,44 млн ₽ на 32 этаже из 34. 📍 Адрес: Москва, жилой комплекс Моментс, к2.2, ЖК «МОМЕНТС». ✅ Характеристики, описание и фото объекта id 3940749867773051113 на Яндекс Недвижимости",https://realty.yandex.ru/offer/3940749867773051113/,8
2026-03-25 03:48:45,"69,6 м², 2-комнатная квартира",39070744,,,,,,,,"69,6 м², 2-комнатная квартира39 070 744₽–15%33 210 132 ₽477 020 ₽ за м²","Продается двухкомнатная квартира 69.62 м² по цене 39,07 млн ₽ на 12 этаже из 21. 📍 Адрес: Москва, САО, район Западное Дегунино, ЖК Селигер Сити, ЖК «Селигер Сити». ✅ Характеристики, описание и фото объекта id 825258850070964947 на Яндекс Недвижимости",https://realty.yandex.ru/offer/825258850070964947/,8
2026-03-25 03:48:55,"49,2 м², 1-комнатная квартира",32924640,,,,,,,,"49,2 м², 1-комнатная квартира32 924 640 ₽669 200 ₽ за м²","Продается однокомнатная квартира 49.2 м² по цене 32,92 млн ₽ на 12 этаже из 41. 📍 Адрес: Москва, ЖК Аура, ЖК «АУРА». ✅ Характеристики, описание и фото объекта id 8252416188091078159 на Яндекс Недвижимости",https://realty.yandex.ru/offer/8252416188091078159/,8
2026-03-25 03:49:06,"62 м², 3-комнатная квартира",5700000,,,,,,,,"62 м², 3-комнатная квартира5 700 000 ₽91 935 ₽ за м²","Продается трехкомнатная квартира 62 м² по цене 5,7 млн ₽ на 6 этаже из 12. 📍 Адрес: Москва, улица Ивана Франко, 40к1, ✅ Характеристики, описание и фото объекта id 7053956916041227642 на Яндекс Недвижимости",https://realty.yandex.ru/offer/7053956916041227642/,8
2026-03-25 03:49:16,"56,3 м², 2-комнатная квартира",20504460,,,,,,,,"56,3 м², 2-комнатная квартира20 504 460 ₽364 200 ₽ за м²","Продается двухкомнатная квартира 56.3 м² по цене 20,5 млн ₽ на 11 этаже из 50. 📍 Адрес: Москва, ЖК Полар, 1.5, Полар. ✅ Характеристики, описание и фото объекта id 4017216401821219818 на Яндекс Недвижимости",https://realty.yandex.ru/offer/4017216401821219818/,8
2026-03-25 03:49:25,"50,7 м², 2-комнатная квартира",28227224,,,,,,,,"50,7 м², 2-комнатная квартира28 227 224 ₽556 750 ₽ за м²","Продается двухкомнатная квартира 50.7 м² по цене 28,23 млн ₽ на 3 этаже из 59. 📍 Адрес: Москва, жилой комплекс Веер, ЖК «Веер». ✅ Характеристики, описание и фото объекта id 8244894218383170451 на Яндекс Недвижимости",https://realty.yandex.ru/offer/8244894218383170451/,8
2026-03-25 03:49:35,"110,8 м², 4-комнатная квартира",115657768,,,,,,,,"110,8 м², 4-комнатная квартира115 657 768₽–25%86 743 326 ₽782 882 ₽ за м²","Продается квартира 110.8 м² по цене 115,66 млн ₽ на 36 этаже из 43. 📍 Адрес: Москва, ЮАО, Даниловский район, Дом «ЛОТ от Аквилон». ✅ Характеристики, описание и фото объекта id 8617308361342257112 на Яндекс Недвижимости",https://realty.yandex.ru/offer/8617308361342257112/,8
2026-03-25 03:49:46,"50,4 м², 3-комнатные апартаменты",18000000,,,,,,,,"50,4 м², 3-комнатные апартаменты18 000 000 ₽357 143 ₽ за м²","Продается 3-комнатные апартаменты 50.4 м² по цене 18 млн ₽ на 17 этаже из 23. 📍 Адрес: Москва, Новоостаповская улица, 20, Апарт-комплекс HighWay. ✅ Характеристики, описание и фото объекта id 5180127926973703396 на Яндекс Недвижимости",https://realty.yandex.ru/offer/5180127926973703396/,8
2026-03-25 03:49:55,"71 м², 2-комнатная квартира",33900000,,,,,,,,"71 м², 2-комнатная квартира33 900 000 ₽477 465 ₽ за м²","Продается двухкомнатная квартира 71 м² по цене 33,9 млн ₽ на 4 этаже из 28. 📍 Адрес: Москва, набережная Марка Шагала, 11к3, Квартал «Шагал». ✅ Характеристики, описание и фото объекта id 8596275599528912510 на Яндекс Недвижимости",https://realty.yandex.ru/offer/8596275599528912510/,8
2026-03-25 03:50:05,"53,4 м², 2-комнатная квартира",26094362,,,,,,,,"53,4 м², 2-комнатная квартира26 094 362 ₽488 750 ₽ за м²","Продается двухкомнатная квартира 53.39 м² по цене 26,09 млн ₽ на 28 этаже из 52. 📍 Адрес: Москва, Верейская улица, 29с32Д, ЖК «СЕТ». ✅ Характеристики, описание и фото объекта id 3474625698308908429 на Яндекс Недвижимости",https://realty.yandex.ru/offer/3474625698308908429/,8
2026-03-25 03:50:15,"35,3 м², 1-комнатная квартира",19313512,,,,,,,,"35,3 м², 1-комнатная квартира19 313 512₽–16%16 160 285 ₽458 188 ₽ за м²","Продается однокомнатная квартира 35.27 м² по цене 19,31 млн ₽ на 19 этаже из 28. 📍 Адрес: Москва, историческая местность Карачарово, ЖК «Нижегородская от Гранель». ✅ Характеристики, описание и фото объекта id 5226951667116861816 на Яндекс Недвижимости",https://realty.yandex.ru/offer/5226951667116861816/,8
2026-03-25 03:50:25,"160 м², 3-комнатная квартира",137936000,,,,,,,,"160 м², 3-комнатная квартира137 936 000 ₽862 100 ₽ за м²","Продается трехкомнатная квартира 160 м² по цене 137,94 млн ₽ на 10 этаже из 14. 📍 Адрес: Москва, улица Новаторов, 8к2, ✅ Характеристики, описание и фото объекта id 7567071405444848292 на Яндекс Недвижимости",https://realty.yandex.ru/offer/7567071405444848292/,8
2026-03-25 03:50:33,"110 м², 3-комнатная квартира",77000000,,,,,,,,"110 м², 3-комнатная квартира77 000 000 ₽700 000 ₽ за м²","Продается трехкомнатная квартира 110 м² по цене 77 млн ₽ на 13 этаже из 20. 📍 Адрес: Москва, Мытная улица, 40к4, ЖК Sky House. ✅ Характеристики, описание и фото объекта id 4621344310824496100 на Яндекс Недвижимости",https://realty.yandex.ru/offer/4621344310824496100/,8
2026-03-25 03:50:43,"52,4 м², 1-комнатная квартира",89546800,,,,,,,,"52,4 м², 1-комнатная квартира89 546 800 ₽1 708 908 ₽ за м²","Продается однокомнатная квартира 52.4 м² по цене 89,55 млн ₽ на 5 этаже из 6. 📍 Адрес: Москва, Космодамианская набережная, 4/22с4, Клубный дом «Космо 4/22». ✅ Характеристики, описание и фото объекта id 7665459517749812276 на Яндекс Недвижимости",https://realty.yandex.ru/offer/7665459517749812276/,8
2026-03-25 03:50:53,"69,8 м², 3-комнатная квартира",70000000,,,,,,,,"69,8 м², 3-комнатная квартира70 000 000 ₽1 002 865 ₽ за м²","Продается трехкомнатная квартира 69.8 м² по цене 70 млн ₽ на 6 этаже из 6. 📍 Адрес: Москва, Большая Бронная улица, 7, ✅ Характеристики, описание и фото объекта id 209411009870603777 на Яндекс Недвижимости",https://realty.yandex.ru/offer/209411009870603777/,8
2026-03-25 03:51:02,"85,2 м², 3-комнатная квартира",57397840,,,,,,,,"85,2 м², 3-комнатная квартира57 397 840 ₽674 000 ₽ за м²","Продается трехкомнатная квартира 85.16 м² по цене 57,4 млн ₽ на 21 этаже из 25. 📍 Адрес: Москва, улица Берзарина, 37, ЖК «Квартал Серебряный бор». ✅ Характеристики, описание и фото объекта id 3956170510427161545 на Яндекс Недвижимости",https://realty.yandex.ru/offer/3956170510427161545/,8
2026-03-25 03:51:09,"274,7 м², 4-комнатная квартира",1168848512,,,,,,,,"274,7 м², 4-комнатная квартира1 168 848 512 ₽4 255 000 ₽ за м²","Продается квартира 274.7 м² по цене 1,17 млрд ₽ на 6 этаже из 8. 📍 Адрес: Москва, Никитский бульвар, 6/20, ЖК «Никитский-6». ✅ Характеристики, описание и фото объекта id 2967407115321494276 на Яндекс Недвижимости",https://realty.yandex.ru/offer/2967407115321494276/,8
2026-03-25 03:51:19,"58 м², 2-комнатная квартира",10900000,,,,,,,,"58 м², 2-комнатная квартира10 900 000 ₽187 931 ₽ за м²","Продается двухкомнатная квартира 58 м² по цене 10,9 млн ₽ на 2 этаже из 25. 📍 Адрес: Люберцы, Преображенская улица, 17к1, Жилой район «Красная Горка». ✅ Характеристики, описание и фото объекта id 3938452234512215692 на Яндекс Недвижимости",https://realty.yandex.ru/offer/3938452234512215692/,8
2026-03-25 03:51:29,"15,5 м², квартира-студия",6100000,,,,,,,,"15,5 м², квартира-студия6 100 000 ₽393 548 ₽ за м²","Продается квартира-студию 15.5 м² по цене 6,1 млн ₽ на 1 этаже из 5. 📍 Адрес: Москва, Гагаринский переулок, 24/7с2, ЖК «Власьевская Слобода». ✅ Характеристики, описание и фото объекта id 5227565616455357204 на Яндекс Недвижимости",https://realty.yandex.ru/offer/5227565616455357204/,8
2026-03-25 03:51:41,"51,2 м², 1-комнатные апартаменты",23102936,,,,,,,,"51,2 м², 1-комнатные апартаменты23 102 936 ₽450 965 ₽ за м²","Продается 1-комнатные апартаменты 51.23 м² по цене 23,1 млн ₽ на 4 этаже из 16. 📍 Адрес: Москва, Автозаводская улица, 24к1, Дом на набережной Инсайдер. ✅ Характеристики, описание и фото объекта id 7965846439243169880 на Яндекс Недвижимости",https://realty.yandex.ru/offer/7965846439243169880/,8
2026-03-25 03:51:52,"56,7 м², 2-комнатная квартира",32000000,,,,,,,,"56,7 м², 2-комнатная квартира32 000 000 ₽564 374 ₽ за м²","Продается двухкомнатная квартира 56.7 м² по цене 32 млн ₽ на 3 этаже из 7. 📍 Адрес: Москва, Большая Дорогомиловская улица, 5, ✅ Характеристики, описание и фото объекта id 5227772918666483182 на Яндекс Недвижимости",https://realty.yandex.ru/offer/5227772918666483182/,8
2026-03-25 03:52:01,"87 м², 3-комнатная квартира",56828400,,,,,,,,"87 м², 3-комнатная квартира56 828 400₽–15%48 304 140 ₽555 220 ₽ за м²","Продается трехкомнатная квартира 87 м² по цене 56,83 млн ₽ на 19 этаже из 21. 📍 Адрес: Москва, ЖК Портленд, ЖК «ПОРТЛЕНД». ✅ Характеристики, описание и фото объекта id 3939908807157601120 на Яндекс Недвижимости",https://realty.yandex.ru/offer/3939908807157601120/,8
2026-03-25 03:52:11,"224 м², 6-комнатная квартира",135000000,,,,,,,,"224 м², 6-комнатная квартира135 000 000 ₽602 679 ₽ за м²","Продается квартира 224 м² по цене 135 млн ₽ на 8 этаже из 10. 📍 Адрес: Москва, Столярный переулок, 2, ✅ Характеристики, описание и фото объекта id 5228459389428217439 на Яндекс Недвижимости",https://realty.yandex.ru/offer/5228459389428217439/,8
2026-03-25 03:52:20,"52,7 м², 1-комнатные апартаменты",21485790,,,,,,,,"52,7 м², 1-комнатные апартаменты21 485 790 ₽407 700 ₽ за м²","Продается 1-комнатные апартаменты 52.7 м² по цене 21,49 млн ₽ на 11 этаже из 29. 📍 Адрес: Москва, улица Намёткина, вл10, НАМЕТКИН ТАУЭР. ✅ Характеристики, описание и фото объекта id 6171326615473010481 на Яндекс Недвижимости",https://realty.yandex.ru/offer/6171326615473010481/,8
2026-03-25 03:52:29,"59,9 м², 3-комнатная квартира",30658900,,,,,,,,"59,9 м², 3-комнатная квартира30 658 900₽–12%26 836 082 ₽448 015 ₽ за м²","Продается трехкомнатная квартира 59.9 м² по цене 30,66 млн ₽ на 11 этаже из 13. 📍 Адрес: Москва, ЖК Адмирал, ЖК «Адмирал». ✅ Характеристики, описание и фото объекта id 7665459516913128879 на Яндекс Недвижимости",https://realty.yandex.ru/offer/7665459516913128879/,8
2026-03-25 03:52:40,"43,4 м², 1-комнатная квартира",27463520,,,,,,,,"43,4 м², 1-комнатная квартира27 463 520 ₽632 800 ₽ за м²","Продается однокомнатная квартира 43.4 м² по цене 27,46 млн ₽ на 20 этаже из 24. 📍 Адрес: Москва, Ленинградское шоссе, 57с19, Мангазея на Речном. ✅ Характеристики, описание и фото объекта id 6753186952697793104 на Яндекс Недвижимости",https://realty.yandex.ru/offer/6753186952697793104/,8
2026-03-25 03:52:48,"41,4 м², 1-комнатная квартира",22219380,,,,,,,,"41,4 м², 1-комнатная квартира22 219 380₽–10%19 997 442 ₽483 030 ₽ за м²","Продается однокомнатная квартира 41.4 м² по цене 22,22 млн ₽ на 14 этаже из 31. 📍 Адрес: Москва, ЖК Назаре́, ЖК НАЗАРÉ. ✅ Характеристики, описание и фото объекта id 6237159577970806293 на Яндекс Недвижимости",https://realty.yandex.ru/offer/6237159577970806293/,8
2026-03-25 03:52:57,"60,1 м², 2-комнатная квартира",20361880,,,,,,,,"60,1 м², 2-комнатная квартира20 361 880 ₽338 800 ₽ за м²","Продается двухкомнатная квартира 60.1 м² по цене 20,36 млн ₽ на 27 этаже из 32. 📍 Адрес: Москва, СВАО, Алтуфьевский район, ЖК Алтуфьевское 53, 1.1, Алтуфьевское 53. ✅ Характеристики, описание и фото объекта id 4017216401194203995 на Яндекс Недвижимости",https://realty.yandex.ru/offer/4017216401194203995/,8
2026-03-25 03:53:04,"56,2 м², 1-комнатная квартира",39536700,,,,,,,,"56,2 м², 1-комнатная квартира39 536 700 ₽703 500 ₽ за м²","Продается однокомнатная квартира 56.2 м² по цене 39,54 млн ₽ на 4 этаже из 12. 📍 Адрес: Москва, микрорайон Рублёво-Архангельское, ЖК СберCити, квартал В19, Район СберСити. ✅ Характеристики, описание и фото объекта id 7040979527743957460 на Яндекс Недвижимости",https://realty.yandex.ru/offer/7040979527743957460/,8
2026-03-25 03:53:14,"116,3 м², 3-комнатная квартира",140000000,,,,,,,,"116,3 м², 3-комнатная квартира140 000 000 ₽1 203 783 ₽ за м²","Продается трехкомнатная квартира 116.3 м² по цене 140 млн ₽ на 27 этаже из 66. 📍 Адрес: Москва, Краснопресненская набережная, 14Ак3, МФК Capital Towers. ✅ Характеристики, описание и фото объекта id 9097980176837289308 на Яндекс Недвижимости",https://realty.yandex.ru/offer/9097980176837289308/,8
2026-03-25 03:53:23,"34 м², 1-комнатная квартира",15359126,,,,,,,,"34 м², 1-комнатная квартира15 359 126 ₽451 739 ₽ за м²","Продается однокомнатная квартира 34 м² по цене 15,36 млн ₽ на 14 этаже из 24. 📍 Адрес: Москва, ЖК Лучи, 2-й этап, к8, ЖК «ЛУЧИ». ✅ Характеристики, описание и фото объекта id 3938451244120097066 на Яндекс Недвижимости",https://realty.yandex.ru/offer/3938451244120097066/,8
2026-03-25 03:53:32,"50 м², 3-комнатные апартаменты",17000000,,,,,,,,"50 м², 3-комнатные апартаменты17 000 000 ₽340 000 ₽ за м²","Продается 3-комнатные апартаменты 50 м² по цене 17 млн ₽ на 15 этаже из 23. 📍 Адрес: Москва, Новоостаповская улица, 20, Апарт-комплекс HighWay. ✅ Характеристики, описание и фото объекта id 5180127926973703393 на Яндекс Недвижимости",https://realty.yandex.ru/offer/5180127926973703393/,8
2026-03-25 03:53:40,"33,3 м², 1-комнатная квартира",24975000,,,,,,,,"33,3 м², 1-комнатная квартира24 975 000 ₽750 000 ₽ за м²","Продается однокомнатная квартира 33.3 м² по цене 24,98 млн ₽ на 12 этаже из 3. 📍 Адрес: Москва, ЗАО, Можайский район, 107-110-й кварталы Кунцева, ЖК Кутузов Сити, ЖК «Кутузов Сити». ✅ Характеристики, описание и фото объекта id 244099076505246246 на Яндекс Недвижимости",https://realty.yandex.ru/offer/244099076505246246/,8
2026-03-25 03:53:51,"28,3 м², апартаменты-студия",10263800,,,,,,,,"28,3 м², апартаменты-студия10 263 800 ₽363 320 ₽ за м²","Продается апартаменты-студию 28.25 м² по цене 10,26 млн ₽ на 4 этаже из 20. 📍 Адрес: Москва, улица Академика Ильюшина, 21, МФК «ДИУС». ✅ Характеристики, описание и фото объекта id 244099154636966975 на Яндекс Недвижимости",https://realty.yandex.ru/offer/244099154636966975/,8
2026-03-25 03:54:02,"455,6 м², 6-комнатная квартира",134900000,,,,,,,,"455,6 м², 6-комнатная квартира134 900 000 ₽296 093 ₽ за м²","Продается квартира 455.6 м² по цене 134,9 млн ₽ на 14 этаже из 15. 📍 Адрес: Москва, Ленинградский проспект, 52, ✅ Характеристики, описание и фото объекта id 4035986349852488509 на Яндекс Недвижимости",https://realty.yandex.ru/offer/4035986349852488509/,8
2026-03-25 03:54:10,"90,8 м², 3-комнатная квартира",49549560,,,,,,,,"90,8 м², 3-комнатная квартира49 549 560₽–20%39 639 648 ₽436 560 ₽ за м²","Продается трехкомнатная квартира 90.8 м² по цене 49,55 млн ₽ на 14 этаже из 24. 📍 Адрес: Москва, Часовая улица, 28к4, ЖК СОУЛ. ✅ Характеристики, описание и фото объекта id 6963990753164258718 на Яндекс Недвижимости",https://realty.yandex.ru/offer/6963990753164258718/,8
2026-03-25 03:54:21,"59,6 м², 2-комнатная квартира",35229084,,,,,,,,"59,6 м², 2-комнатная квартира35 229 084₽–14%30 297 011 ₽508 339 ₽ за м²","Продается двухкомнатная квартира 59.6 м² по цене 35,23 млн ₽ на 19 этаже из 49. 📍 Адрес: Москва, ЖК Тате, ЖК «ТАТЕ». ✅ Характеристики, описание и фото объекта id 8703166304265912018 на Яндекс Недвижимости",https://realty.yandex.ru/offer/8703166304265912018/,8
2026-03-25 03:54:31,"178,9 м², 5-комнатная квартира",192854208,,,,,,,,"178,9 м², 5-комнатная квартира192 854 208 ₽1 078 000 ₽ за м²","Продается квартира 178.9 м² по цене 192,85 млн ₽ на 9 этаже из 16. 📍 Адрес: Москва, ЗАО, район Раменки, квартал Кинематографический, жилой комплекс Река-3, Клубный дом РЕКА. ✅ Характеристики, описание и фото объекта id 4030476149503685794 на Яндекс Недвижимости",https://realty.yandex.ru/offer/4030476149503685794/,8
2026-03-25 03:54:41,"25 м², квартира-студия",10870330,,,,,,,,"25 м², квартира-студия10 870 330 ₽435 510 ₽ за м²","Продается квартира-студию 24.96 м² по цене 10,87 млн ₽ на 4 этаже из 19. 📍 Адрес: Москва, НАО, район Внуково, жилой комплекс Городские Истории, ЖК «Городские истории». ✅ Характеристики, описание и фото объекта id 3959576584706109798 на Яндекс Недвижимости",https://realty.yandex.ru/offer/3959576584706109798/,8
2026-03-25 03:54:48,"48 м², 1-комнатная квартира",35858000,,,,,,,,"48 м², 1-комнатная квартира35 858 000 ₽747 042 ₽ за м²","Продается однокомнатная квартира 48 м² по цене 35,86 млн ₽ на 20 этаже из 27. 📍 Адрес: Москва, улица Фридриха Энгельса, 56, Премиум-квартал «Дом 56». ✅ Характеристики, описание и фото объекта id 7665459514280292803 на Яндекс Недвижимости",https://realty.yandex.ru/offer/7665459514280292803/,8
2026-03-25 03:54:56,"24,3 м², квартира-студия",23186492,,,,,,,,"24,3 м², квартира-студия23 186 492 ₽952 609 ₽ за м²","Продается квартира-студию 24.34 м² по цене 23,19 млн ₽ на 14 этаже из 25. 📍 Адрес: Москва, улица Берзарина, 37, ЖК «Квартал Серебряный бор». ✅ Характеристики, описание и фото объекта id 3956170510427161732 на Яндекс Недвижимости",https://realty.yandex.ru/offer/3956170510427161732/,8
2026-03-25 03:55:07,"39,7 м², 1-комнатная квартира",22648344,,,,,,,,"39,7 м², 1-комнатная квартира22 648 344 ₽570 200 ₽ за м²","Продается однокомнатная квартира 39.72 м² по цене 22,65 млн ₽ на 2 этаже из 25. 📍 Адрес: Москва, ЮАО, район Москворечье-Сабурово, ЖК Лайф Варшавская, Жилой квартал «Лайф Варшавская». ✅ Характеристики, описание и фото объекта id 8532301371739651817 на Яндекс Недвижимости",https://realty.yandex.ru/offer/8532301371739651817/,8
2026-03-25 03:55:16,"70,3 м², 2-комнатная квартира",46650000,,,,,,,,"70,3 м², 2-комнатная квартира46 650 000 ₽663 585 ₽ за м²","Продается двухкомнатная квартира 70.3 м² по цене 46,65 млн ₽ на 23 этаже из 28. 📍 Адрес: Москва, улица Академика Королёва, 21, Дом «Достижение». ✅ Характеристики, описание и фото объекта id 3922755368741626114 на Яндекс Недвижимости",https://realty.yandex.ru/offer/3922755368741626114/,8
2026-03-25 03:55:25,"100,7 м², 3-комнатная квартира",51860500,,,,,,,,"100,7 м², 3-комнатная квартира51 860 500₽–20%41 488 400 ₽412 000 ₽ за м²","Продается трехкомнатная квартира 100.7 м² по цене 51,86 млн ₽ на 6 этаже из 35. 📍 Адрес: Москва, улица Годовикова, 11к5, ЖК iLove. ✅ Характеристики, описание и фото объекта id 1728299315756695610 на Яндекс Недвижимости",https://realty.yandex.ru/offer/1728299315756695610/,8
2026-03-25 03:55:35,"40 м², 1-комнатная квартира",21500000,,,,,,,,"40 м², 1-комнатная квартира21 500 000 ₽537 500 ₽ за м²","Продается однокомнатная квартира 40 м² по цене 21,5 млн ₽ на 6 этаже из 39. 📍 Адрес: Москва, Амурская улица, 1Ак5, ЖК «Левел Амурская». ✅ Характеристики, описание и фото объекта id 3961344737879054334 на Яндекс Недвижимости",https://realty.yandex.ru/offer/3961344737879054334/,8
2026-03-25 03:55:45,"79,9 м², 3-комнатная квартира",34996200,,,,,,,,"79,9 м², 3-комнатная квартира34 996 200₽–7%32 546 466 ₽407 340 ₽ за м²","Продается трехкомнатная квартира 79.9 м² по цене 35 млн ₽ на 16 этаже из 26. 📍 Адрес: Москва, 1-й Кирпичный переулок, 15А, ЖК «Семеновский Парк 2». ✅ Характеристики, описание и фото объекта id 5808645355580499203 на Яндекс Недвижимости",https://realty.yandex.ru/offer/5808645355580499203/,8
2026-03-25 03:55:54,"74,8 м², 3-комнатная квартира",37624400,,,,,,,,"74,8 м², 3-комнатная квартира37 624 400 ₽503 000 ₽ за м²","Продается трехкомнатная квартира 74.8 м² по цене 37,62 млн ₽ на 6 этаже из 28. 📍 Адрес: Москва, СЗАО, район Хорошёво-Мнёвники, 82-й квартал, ЖК «Трилогия «Кристалл»». ✅ Характеристики, описание и фото объекта id 7911195957001574403 на Яндекс Недвижимости",https://realty.yandex.ru/offer/7911195957001574403/,8
2026-03-25 03:56:08,"96,1 м², 4-комнатная квартира",89000000,,,,,,,,"96,1 м², 4-комнатная квартира89 000 000 ₽926 119 ₽ за м²","Продается квартира 96.1 м² по цене 89 млн ₽ на 2 этаже из 3. 📍 Адрес: Москва, 2-й Обыденский переулок, 10, ✅ Характеристики, описание и фото объекта id 3354243728365663482 на Яндекс Недвижимости",https://realty.yandex.ru/offer/3354243728365663482/,8
2026-03-25 03:56:20,"176,2 м², 3-комнатные апартаменты",166320000,,,,,,,,"176,2 м², 3-комнатные апартаменты166 320 000 ₽943 927 ₽ за м²","Продается 3-комнатные апартаменты 176.2 м² по цене 166,32 млн ₽ на 6 этаже из 12. 📍 Адрес: Москва, Ленинградский проспект, 36с31, ЖК «ВТБ Арена парк». ✅ Характеристики, описание и фото объекта id 4805508911737758564 на Яндекс Недвижимости",https://realty.yandex.ru/offer/4805508911737758564/,8
2026-03-25 03:56:30,"35,4 м², 1-комнатная квартира",13900000,,,,,,,,"35,4 м², 1-комнатная квартира13 900 000 ₽392 655 ₽ за м²","Продается однокомнатная квартира 35.4 м² по цене 13,9 млн ₽ на 9 этаже из 25. 📍 Адрес: Москва, Монтажная улица, 8вл1, ЖК «1-й Измайловский». ✅ Характеристики, описание и фото объекта id 5583053200047038666 на Яндекс Недвижимости",https://realty.yandex.ru/offer/5583053200047038666/,8
2026-03-25 03:56:38,"37 м², 1-комнатная квартира",21900000,,,,,,,,"37 м², 1-комнатная квартира21 900 000 ₽591 892 ₽ за м²","Продается однокомнатная квартира 37 м² по цене 21,9 млн ₽ на 5 этаже из 15. 📍 Адрес: Москва, улица Родченко, 2, ЖК «ЗИЛАРТ». ✅ Характеристики, описание и фото объекта id 5180127926972869121 на Яндекс Недвижимости",https://realty.yandex.ru/offer/5180127926972869121/,8
2026-03-25 03:56:47,"46 м², 1-комнатная квартира",33639800,,,,,,,,"46 м², 1-комнатная квартира33 639 800₽–12%29 603 024 ₽643 544 ₽ за м²","Продается однокомнатная квартира 46 м² по цене 33,64 млн ₽ на 26 этаже из 27. 📍 Адрес: Москва, ЮАО, Даниловский район, ЖК Пейв, Квартал «ПЕЙВ». ✅ Характеристики, описание и фото объекта id 6377851622373267706 на Яндекс Недвижимости",https://realty.yandex.ru/offer/6377851622373267706/,8
2026-03-25 03:56:56,"76,5 м², 2-комнатная квартира",39910048,,,,,,,,"76,5 м², 2-комнатная квартира39 910 048 ₽521 700 ₽ за м²","Продается двухкомнатная квартира 76.5 м² по цене 39,91 млн ₽ на 2 этаже из 39. 📍 Адрес: Москва, ВАО, район Сокольники, КОД Сокольники. ✅ Характеристики, описание и фото объекта id 7016475113456586981 на Яндекс Недвижимости",https://realty.yandex.ru/offer/7016475113456586981/,8
2026-03-25 03:57:06,"43 м², 1-комнатная квартира",30388100,,,,,,,,"43 м², 1-комнатная квартира30 388 100 ₽706 700 ₽ за м²","Продается однокомнатная квартира 43 м² по цене 30,39 млн ₽ на 12 этаже из 42. 📍 Адрес: Москва, ЖК Аура, ЖК «АУРА». ✅ Характеристики, описание и фото объекта id 2185899199643379659 на Яндекс Недвижимости",https://realty.yandex.ru/offer/2185899199643379659/,8
2026-03-25 03:57:15,"52,1 м², 3-комнатные апартаменты",24976740,,,,,,,,"52,1 м², 3-комнатные апартаменты24 976 740 ₽479 400 ₽ за м²","Продается 3-комнатные апартаменты 52.1 м² по цене 24,98 млн ₽ на 7 этаже из 27. 📍 Адрес: Москва, 2-й Силикатный проезд, вл8, Эмоушн. ✅ Характеристики, описание и фото объекта id 6202339441215438560 на Яндекс Недвижимости",https://realty.yandex.ru/offer/6202339441215438560/,8
2026-03-25 03:57:26,"75,5 м², 2-комнатная квартира",42148752,,,,,,,,"75,5 м², 2-комнатная квартира42 148 752 ₽557 966 ₽ за м²","Продается двухкомнатная квартира 75.54 м² по цене 42,15 млн ₽ на 17 этаже из 75. 📍 Адрес: Москва, 5-й Донской проезд, вл21к6, ЖК «Файв Тауэрс». ✅ Характеристики, описание и фото объекта id 3683198848581393838 на Яндекс Недвижимости",https://realty.yandex.ru/offer/3683198848581393838/,8
2026-03-25 03:57:39,"128,1 м², 4-комнатные апартаменты",108885000,,,,,,,,"128,1 м², 4-комнатные апартаменты108 885 000 ₽850 000 ₽ за м²","Продается апартаменты 128.1 м² по цене 108,89 млн ₽ на 2 этаже из 3. 📍 Адрес: Москва, Таманская улица, 1к3с6, МФК «River Residences». ✅ Характеристики, описание и фото объекта id 6151740018886529939 на Яндекс Недвижимости",https://realty.yandex.ru/offer/6151740018886529939/,8
2026-03-25 03:57:52,"18,5 м², апартаменты-студия",17900000,,,,,,,,"18,5 м², апартаменты-студия17 900 000 ₽967 568 ₽ за м²","Продается апартаменты-студию 18.5 м² по цене 17,9 млн ₽ на 2 этаже из 6. 📍 Адрес: Москва, 2-я Тверская-Ямская улица, 18, ✅ Характеристики, описание и фото объекта id 7035113340557126217 на Яндекс Недвижимости",https://realty.yandex.ru/offer/7035113340557126217/,8
2026-03-25 03:58:01,"28,7 м², 1-комнатная квартира",19897108,,,,,,,,"28,7 м², 1-комнатная квартира19 897 108 ₽693 279 ₽ за м²","Продается однокомнатная квартира 28.7 м² по цене 19,9 млн ₽ на 5 этаже из 44. 📍 Адрес: Москва, ЖК Ракурс, ЖК «РАКУРС». ✅ Характеристики, описание и фото объекта id 5227748246930390143 на Яндекс Недвижимости",https://realty.yandex.ru/offer/5227748246930390143/,8
2026-03-25 03:58:14,"119,8 м², 3-комнатная квартира",116590048,,,,,,,,"119,8 м², 3-комнатная квартира116 590 048 ₽973 450 ₽ за м²","Продается трехкомнатная квартира 119.77 м² по цене 116,59 млн ₽ на 35 этаже из 40. 📍 Адрес: Москва, жилой комплекс Нова, к3, ЖК «НОВА». ✅ Характеристики, описание и фото объекта id 4126446091143901527 на Яндекс Недвижимости",https://realty.yandex.ru/offer/4126446091143901527/,8
2026-03-25 03:58:24,"64,5 м², 2-комнатная квартира",42762276,,,,,,,,"64,5 м², 2-комнатная квартира42 762 276₽–10%38 486 047 ₽596 683 ₽ за м²","Продается двухкомнатная квартира 64.5 м² по цене 42,76 млн ₽ на 7 этаже из 26. 📍 Адрес: Москва, Береговой проезд, 2, ЖК «Береговой-2». ✅ Характеристики, описание и фото объекта id 981177835423723260 на Яндекс Недвижимости",https://realty.yandex.ru/offer/981177835423723260/,8
2026-03-25 03:58:32,"195,4 м², 5-комнатная квартира",831497792,,,,,,,,"195,4 м², 5-комнатная квартира831 497 792 ₽4 254 927 ₽ за м²","Продается квартира 195.42 м² по цене 831,5 млн ₽ на 2 этаже из 7. 📍 Адрес: Москва, ЦАО, район Замоскворечье, ЖК Русские Сезоны, к1, ЖК «Русские сезоны». ✅ Характеристики, описание и фото объекта id 7028727790419735395 на Яндекс Недвижимости",https://realty.yandex.ru/offer/7028727790419735395/,8
2026-03-25 03:58:50,"37,3 м², 2-комнатная квартира",21500000,,,,,,,,"37,3 м², 2-комнатная квартира21 500 000 ₽576 408 ₽ за м²","Продается двухкомнатная квартира 37.3 м² по цене 21,5 млн ₽ на 17 этаже из 44. 📍 Адрес: Москва, ЗАО, район Очаково-Матвеевское, жилой комплекс Левел Мичуринский, к4, ЖК Левел Мичуринский. ✅ Характеристики, описание и фото объекта id 5180127926972898756 на Яндекс Недвижимости",https://realty.yandex.ru/offer/5180127926972898756/,8
2026-03-25 03:59:00,"48,8 м², 2-комнатная квартира",36638332,,,,,,,,"48,8 м², 2-комнатная квартира36 638 332 ₽750 786 ₽ за м²","Продается двухкомнатная квартира 48.8 м² по цене 36,64 млн ₽ на 3 этаже из 19. 📍 Адрес: Москва, ЖК Родина Парк, к1, ЖК «Родина Парк». ✅ Характеристики, описание и фото объекта id 3190558371458578974 на Яндекс Недвижимости",https://realty.yandex.ru/offer/3190558371458578974/,8
2026-03-25 03:59:09,"87 м², 3-комнатная квартира",32506292,,,,,,,,"87 м², 3-комнатная квартира32 506 292 ₽373 850 ₽ за м²","Продается трехкомнатная квартира 86.95 м² по цене 32,51 млн ₽ на 12 этаже из 17. 📍 Адрес: Москва, Волоколамское шоссе, 95/1к4, ЖК «Сити Бэй». ✅ Характеристики, описание и фото объекта id 7717154634159244547 на Яндекс Недвижимости",https://realty.yandex.ru/offer/7717154634159244547/,8
2026-03-25 03:59:21,"59,7 м², 2-комнатная квартира",28700000,,,,,,,,"59,7 м², 2-комнатная квартира28 700 000 ₽480 737 ₽ за м²","Продается двухкомнатная квартира 59.7 м² по цене 28,7 млн ₽ на 6 этаже из 19. 📍 Адрес: Москва, ЖК Шагал, 3-я очередь, к6, Квартал «Шагал». ✅ Характеристики, описание и фото объекта id 5180127926972897055 на Яндекс Недвижимости",https://realty.yandex.ru/offer/5180127926972897055/,8
2026-03-25 03:59:29,"111,2 м², 3-комнатная квартира",115414480,,,,,,,,"111,2 м², 3-комнатная квартира115 414 480 ₽1 037 900 ₽ за м²","Продается трехкомнатная квартира 111.2 м² по цене 115,41 млн ₽ на 9 этаже из 15. 📍 Адрес: Москва, улица Серпуховский Вал, 7, ЖК «Дом 7 Даниловский». ✅ Характеристики, описание и фото объекта id 7336520255663488217 на Яндекс Недвижимости",https://realty.yandex.ru/offer/7336520255663488217/,8
2026-03-25 03:59:38,"68,6 м², 3-комнатная квартира",58515800,,,,,,,,"68,6 м², 3-комнатная квартира58 515 800₽–10%52 664 220 ₽767 700 ₽ за м²","Продается трехкомнатная квартира 68.6 м² по цене 58,52 млн ₽ на 40 этаже из 41. 📍 Адрес: Москва, 1-й Сетуньский проезд, 8, ЖК Hide. ✅ Характеристики, описание и фото объекта id 3938323447995257061 на Яндекс Недвижимости",https://realty.yandex.ru/offer/3938323447995257061/,8
2026-03-25 03:59:47,"94,5 м², 3-комнатная квартира",49399876,,,,,,,,"94,5 м², 3-комнатная квартира49 399 876 ₽522 750 ₽ за м²","Продается трехкомнатная квартира 94.5 м² по цене 49,4 млн ₽ на 52 этаже из 59. 📍 Адрес: Москва, жилой комплекс Веер, ЖК «Веер». ✅ Характеристики, описание и фото объекта id 1757761890918151353 на Яндекс Недвижимости",https://realty.yandex.ru/offer/1757761890918151353/,8
2026-03-25 03:59:54,"127,3 м², 4-комнатная квартира",136682016,,,,,,,,"127,3 м², 4-комнатная квартира136 682 016 ₽1 073 700 ₽ за м²","Продается квартира 127.3 м² по цене 136,68 млн ₽ на 27 этаже из 37. 📍 Адрес: Москва, САО, район Беговой, ЖК Слава, ЖК «Слава». ✅ Характеристики, описание и фото объекта id 5005525900755109572 на Яндекс Недвижимости",https://realty.yandex.ru/offer/5005525900755109572/,8
2026-03-25 04:00:04,"50,1 м², 1-комнатная квартира",31205872,,,,,,,,"50,1 м², 1-комнатная квартира31 205 872₽–9%28 340 028 ₽566 234 ₽ за м²","Продается однокомнатная квартира 50.05 м² по цене 31,21 млн ₽ на 20 этаже из 27. 📍 Адрес: Москва, СЗАО, район Хорошёво-Мнёвники, 88-й квартал, ЖК «Мнёвники от Гранель». ✅ Характеристики, описание и фото объекта id 5226951667115849100 на Яндекс Недвижимости",https://realty.yandex.ru/offer/5226951667115849100/,8
2026-03-25 04:00:14,"74,4 м², 2-комнатная квартира",69630000,,,,,,,,"74,4 м², 2-комнатная квартира69 630 000 ₽935 887 ₽ за м²","Продается двухкомнатная квартира 74.4 м² по цене 69,63 млн ₽ на 14 этаже из 14. 📍 Адрес: Москва, ЗАО, район Раменки, жилой комплекс Вест Гарден, к14, Cобрание клубных домов West Garden. ✅ Характеристики, описание и фото объекта id 3922755366911174795 на Яндекс Недвижимости",https://realty.yandex.ru/offer/3922755366911174795/,8
2026-03-25 04:00:23,"160 м², 4-комнатная квартира",220000000,,,,,,,,"160 м², 4-комнатная квартира220 000 000 ₽1 375 000 ₽ за м²","Продается квартира 160 м² по цене 220 млн ₽ на 4 этаже из 5. 📍 Адрес: Москва, Романов переулок, 3с6, ✅ Характеристики, описание и фото объекта id 7567888441305038143 на Яндекс Недвижимости",https://realty.yandex.ru/offer/7567888441305038143/,8
2026-03-25 04:00:35,"36,6 м², апартаменты-студия",6419990,,,,,,,,"36,6 м², апартаменты-студия6 419 990 ₽175 410 ₽ за м²","Продается апартаменты-студию 36.6 м² по цене 6,42 млн ₽ на 1 этаже из 6. 📍 Адрес: Москва, Новорязанская улица, 31/7к5, ✅ Характеристики, описание и фото объекта id 5227565616455358096 на Яндекс Недвижимости",https://realty.yandex.ru/offer/5227565616455358096/,8
2026-03-25 04:00:46,"95,6 м², 3-комнатная квартира",48000000,,,,,,,,"95,6 м², 3-комнатная квартира48 000 000 ₽502 092 ₽ за м²","Продается трехкомнатная квартира 95.6 м² по цене 48 млн ₽ на 9 этаже из 26. 📍 Адрес: Москва, улица Крузенштерна, 12к3, Квартал «СИМВОЛ». ✅ Характеристики, описание и фото объекта id 5180127926973702285 на Яндекс Недвижимости",https://realty.yandex.ru/offer/5180127926973702285/,8
2026-03-25 04:00:55,"95 м², 4-комнатная квартира",49400000,,,,,,,,"95 м², 4-комнатная квартира49 400 000 ₽520 000 ₽ за м²","Продается квартира 95 м² по цене 49,4 млн ₽ на 8 этаже из 20. 📍 Адрес: Москва, Автозаводская улица, 26/1, ЖК FØRST. ✅ Характеристики, описание и фото объекта id 3960552429669726871 на Яндекс Недвижимости",https://realty.yandex.ru/offer/3960552429669726871/,8
2026-03-25 04:01:05,"40,7 м², 1-комнатная квартира",32389240,,,,,,,,"40,7 м², 1-комнатная квартира32 389 240 ₽796 000 ₽ за м²","Продается однокомнатная квартира 40.69 м² по цене 32,39 млн ₽ на 33 этаже из 46. 📍 Адрес: Москва, ЖК Джойс, ЖК «Джойс». ✅ Характеристики, описание и фото объекта id 7415934780786824451 на Яндекс Недвижимости",https://realty.yandex.ru/offer/7415934780786824451/,8
2026-03-25 04:01:15,"40 м², 2-комнатная квартира",18500000,,,,,,,,"40 м², 2-комнатная квартира18 500 000 ₽462 500 ₽ за м²","Продается двухкомнатная квартира 40 м² по цене 18,5 млн ₽ на 5 этаже из 31. 📍 Адрес: Москва, Тагильская улица, 6/1, Квартал «Метроном». ✅ Характеристики, описание и фото объекта id 5180127926973672524 на Яндекс Недвижимости",https://realty.yandex.ru/offer/5180127926973672524/,8
2026-03-25 04:01:25,"60,7 м², 2-комнатная квартира",16152270,,,,,,,,"60,7 м², 2-комнатная квартира16 152 270 ₽266 100 ₽ за м²","Продается двухкомнатная квартира 60.7 м² по цене 16,15 млн ₽ на 23 этаже из 24. 📍 Адрес: Москва, Муравская улица, 44к2, Митинский лес. ✅ Характеристики, описание и фото объекта id 4017216401852795553 на Яндекс Недвижимости",https://realty.yandex.ru/offer/4017216401852795553/,8
2026-03-25 04:01:36,"33,6 м², 1-комнатная квартира",14582400,,,,,,,,"33,6 м², 1-комнатная квартира14 582 400₽–7%13 561 632 ₽403 620 ₽ за м²","Продается однокомнатная квартира 33.6 м² по цене 14,58 млн ₽ на 13 этаже из 25. 📍 Адрес: Москва, ЖК Люблинский Парк, к18-20, Люблинский парк. ✅ Характеристики, описание и фото объекта id 4017216401911630668 на Яндекс Недвижимости",https://realty.yandex.ru/offer/4017216401911630668/,8
2026-03-25 04:01:46,"53,4 м², 1-комнатная квартира",82430000,,,,,,,,"53,4 м², 1-комнатная квартира82 430 000 ₽1 543 633 ₽ за м²","Продается однокомнатная квартира 53.4 м² по цене 82,43 млн ₽ на 2 этаже из 9. 📍 Адрес: Москва, ЖК Тишинский Бульвар, к8, Элитный квартал «Тишинский Бульвар». ✅ Характеристики, описание и фото объекта id 3922755367078421492 на Яндекс Недвижимости",https://realty.yandex.ru/offer/3922755367078421492/,8
2026-03-25 04:01:59,"69,1 м², 2-комнатная квартира",18200000,,,,,,,,"69,1 м², 2-комнатная квартира18 200 000 ₽263 386 ₽ за м²","Продается двухкомнатная квартира 69.1 м² по цене 18,2 млн ₽ на 5 этаже из 26. 📍 Адрес: Москва, Лосиноостровская улица, вл45к2, ЖК «Сказочный лес». ✅ Характеристики, описание и фото объекта id 7053956916049603720 на Яндекс Недвижимости",https://realty.yandex.ru/offer/7053956916049603720/,8
2026-03-25 04:02:10,"24,9 м², квартира-студия",10000000,,,,,,,,"24,9 м², квартира-студия10 000 000 ₽401 606 ₽ за м²","Продается квартира-студию 24.9 м² по цене 10 млн ₽ на 2 этаже из 7. 📍 Адрес: Москва, НАО, район Внуково, улица Бориса Пастернака, 33к2, Город-парк «Переделкино Ближнее». ✅ Характеристики, описание и фото объекта id 7053956916849193140 на Яндекс Недвижимости",https://realty.yandex.ru/offer/7053956916849193140/,8
2026-03-25 04:02:19,"89,1 м², 4-комнатная квартира",50876100,,,,,,,,"89,1 м², 4-комнатная квартира50 876 100₽–10%45 788 490 ₽513 900 ₽ за м²","Продается квартира 89.1 м² по цене 50,88 млн ₽ на 5 этаже из 26. 📍 Адрес: Москва, улица Годовикова, 11к3, ЖК iLove. ✅ Характеристики, описание и фото объекта id 6921840663684516834 на Яндекс Недвижимости",https://realty.yandex.ru/offer/6921840663684516834/,8
2026-03-25 04:02:29,"248 м², 6-комнатная квартира",140000000,,,,,,,,"248 м², 6-комнатная квартира140 000 000 ₽564 516 ₽ за м²","Продается квартира 248 м² по цене 140 млн ₽ на 2 этаже из 18. 📍 Адрес: Москва, Измайловский проезд, 10к2, ЖК «Виноградный». ✅ Характеристики, описание и фото объекта id 5228459389428242457 на Яндекс Недвижимости",https://realty.yandex.ru/offer/5228459389428242457/,8
2026-03-25 04:02:40,"70 м², квартира-студия",55000000,,,,,,,,"70 м², квартира-студия55 000 000 ₽785 714 ₽ за м²","Продается квартира-студию 70 м² по цене 55 млн ₽ на 3 этаже из 26. 📍 Адрес: Москва, ЖК Репаблик, к2.1, ЖК «РЕПАБЛИК». ✅ Характеристики, описание и фото объекта id 3938455563566374147 на Яндекс Недвижимости",https://realty.yandex.ru/offer/3938455563566374147/,8
2026-03-25 04:02:49,"118,8 м², 3-комнатная квартира",188339888,,,,,,,,"118,8 м², 3-комнатная квартира188 339 888 ₽1 585 353 ₽ за м²","Продается трехкомнатная квартира 118.8 м² по цене 188,34 млн ₽ на 41 этаже из 46. 📍 Адрес: Москва, Кутузовский проезд, 16А/1, ЖК «Ривер Парк Кутузовский». ✅ Характеристики, описание и фото объекта id 5513960850204302274 на Яндекс Недвижимости",https://realty.yandex.ru/offer/5513960850204302274/,8
2026-03-25 04:02:59,"77,2 м², 3-комнатная квартира",39194440,,,,,,,,"77,2 м², 3-комнатная квартира39 194 440 ₽507 700 ₽ за м²","Продается трехкомнатная квартира 77.2 м² по цене 39,19 млн ₽ на 20 этаже из 22. 📍 Адрес: Москва, ЖК Твелв, 2, ЖК Twelve. ✅ Характеристики, описание и фото объекта id 453055496625332157 на Яндекс Недвижимости",https://realty.yandex.ru/offer/453055496625332157/,8
2026-03-25 04:03:11,"71,8 м², 3-комнатная квартира",37300000,,,,,,,,"71,8 м², 3-комнатная квартира37 300 000 ₽519 499 ₽ за м²","Продается трехкомнатная квартира 71.8 м² по цене 37,3 млн ₽ на 6 этаже из 11. 📍 Адрес: Москва, Береговой проезд, 1А, ЖК «мой адрес На Береговом». ✅ Характеристики, описание и фото объекта id 5226080894684748122 на Яндекс Недвижимости",https://realty.yandex.ru/offer/5226080894684748122/,8
2026-03-25 04:03:22,"485 м², 6-комнатные апартаменты",785315904,,,,,,,,"485 м², 6-комнатные апартаменты785 315 904 ₽1 619 208 ₽ за м²","Продается апартаменты 485 м² по цене 785,32 млн ₽ на 1 этаже из 4. 📍 Адрес: Москва, Островной проезд, 1, Апарт-отель «Остров фантазий». ✅ Характеристики, описание и фото объекта id 5228459389428157892 на Яндекс Недвижимости",https://realty.yandex.ru/offer/5228459389428157892/,8
2026-03-25 04:03:29,"57,4 м², 2-комнатная квартира",29139360,,,,,,,,"57,4 м², 2-комнатная квартира29 139 360₽–11%25 868 617 ₽450 830 ₽ за м²","Продается двухкомнатная квартира 57.38 м² по цене 29,14 млн ₽ на 6 этаже из 28. 📍 Адрес: Москва, ЮВАО, Южнопортовый район, ЖК «Дубровка от Гранель». ✅ Характеристики, описание и фото объекта id 5226951667116053798 на Яндекс Недвижимости",https://realty.yandex.ru/offer/5226951667116053798/,8
2026-03-25 04:03:40,"36,5 м², 1-комнатная квартира",18552950,,,,,,,,"36,5 м², 1-комнатная квартира18 552 950 ₽508 300 ₽ за м²","Продается однокомнатная квартира 36.5 м² по цене 18,55 млн ₽ на 20 этаже из 23. 📍 Адрес: Москва, ЗАО, район Очаково-Матвеевское, Мичуринский парк. ✅ Характеристики, описание и фото объекта id 4017216401905170020 на Яндекс Недвижимости",https://realty.yandex.ru/offer/4017216401905170020/,8
2026-03-25 04:03:51,"41,2 м², 1-комнатная квартира",16500000,,,,,,,,"41,2 м², 1-комнатная квартира16 500 000 ₽400 485 ₽ за м²","Продается однокомнатная квартира 41.2 м² по цене 16,5 млн ₽ на 20 этаже из 29. 📍 Адрес: Москва, ЮВАО, Нижегородский район, ЖК Квартал Издание, Квартал «Издание». ✅ Характеристики, описание и фото объекта id 7053956971901292932 на Яндекс Недвижимости",https://realty.yandex.ru/offer/7053956971901292932/,8
2026-03-25 04:04:01,"62,2 м², 2-комнатная квартира",23499000,,,,,,,,"62,2 м², 2-комнатная квартира23 499 000 ₽377 797 ₽ за м²","Продается двухкомнатная квартира 62.2 м² по цене 23,5 млн ₽ на 4 этаже из 9. 📍 Адрес: Москва, улица Нижняя Масловка, 14, ✅ Характеристики, описание и фото объекта id 7053956916157592092 на Яндекс Недвижимости",https://realty.yandex.ru/offer/7053956916157592092/,8
2026-03-25 04:04:11,"74 м², 3-комнатная квартира",36235500,,,,,,,,"74 м², 3-комнатная квартира36 235 500₽–7%33 699 015 ₽455 700 ₽ за м²","Продается трехкомнатная квартира 73.95 м² по цене 36,24 млн ₽ на 38 этаже из 44. 📍 Адрес: Москва, ЖК Ультима Сити, ЖК «УЛЬТИМА Сити». ✅ Характеристики, описание и фото объекта id 2074021897421957526 на Яндекс Недвижимости",https://realty.yandex.ru/offer/2074021897421957526/,8
2026-03-25 04:04:21,"48,2 м², 1-комнатная квартира",37143132,,,,,,,,"48,2 м², 1-комнатная квартира37 143 132₽–9%33 732 028 ₽700 270 ₽ за м²","Продается однокомнатная квартира 48.17 м² по цене 37,14 млн ₽ на 18 этаже из 24. 📍 Адрес: Москва, ЦАО, район Замоскворечье, ЖК «Павелецкая от Гранель». ✅ Характеристики, описание и фото объекта id 5226951667116833013 на Яндекс Недвижимости",https://realty.yandex.ru/offer/5226951667116833013/,8
2026-03-25 04:04:32,"20,3 м², апартаменты-студия",6600000,,,,,,,,"20,3 м², апартаменты-студия6 600 000 ₽325 123 ₽ за м²","Продается апартаменты-студию 20.3 м² по цене 6,6 млн ₽ на 1 этаже из 8. 📍 Адрес: Москва, Рижский проезд, 7, ✅ Характеристики, описание и фото объекта id 5227565616455357235 на Яндекс Недвижимости",https://realty.yandex.ru/offer/5227565616455357235/,8
2026-03-25 04:04:44,"39,5 м², 1-комнатная квартира",20500000,,,,,,,,"39,5 м², 1-комнатная квартира20 500 000 ₽518 987 ₽ за м²","Продается однокомнатная квартира 39.5 м² по цене 20,5 млн ₽ на 22 этаже из 34. 📍 Адрес: Москва, улица Архитектора Власова, 71к1, ЖК Ever. ✅ Характеристики, описание и фото объекта id 5180127926973669545 на Яндекс Недвижимости",https://realty.yandex.ru/offer/5180127926973669545/,8
2026-03-25 04:04:54,"100 м², 3-комнатная квартира",220000000,,,,,,,,"100 м², 3-комнатная квартира220 000 000 ₽2 200 000 ₽ за м²","Продается трехкомнатная квартира 100 м² по цене 220 млн ₽ на 8 этаже из 12. 📍 Адрес: Москва, Малая Пироговская улица, 8, ЖК «BARRIN HOUSE». ✅ Характеристики, описание и фото объекта id 3938455563545221289 на Яндекс Недвижимости",https://realty.yandex.ru/offer/3938455563545221289/,8
2026-03-25 04:05:03,"148,7 м², 5-комнатная квартира",86840800,,,,,,,,"148,7 м², 5-комнатная квартира86 840 800₽–8%79 893 536 ₽537 208 ₽ за м²","Продается квартира 148.72 м² по цене 86,84 млн ₽ на 5 этаже из 21. 📍 Адрес: Москва, жилой комплекс Остров, 7-й квартал, ЖК «Остров». ✅ Характеристики, описание и фото объекта id 6400775697040521019 на Яндекс Недвижимости",https://realty.yandex.ru/offer/6400775697040521019/,8
2026-03-25 04:05:13,"158,3 м², 3-комнатная квартира",490609984,,,,,,,,"158,3 м², 3-комнатная квартира490 609 984 ₽3 099 242 ₽ за м²","Продается трехкомнатная квартира 158.3 м² по цене 490,61 млн ₽ на 4 этаже из 8. 📍 Адрес: Москва, Большой Толмачёвский переулок, 5с1, Дом «Лаврушинский». ✅ Характеристики, описание и фото объекта id 3922755367052563864 на Яндекс Недвижимости",https://realty.yandex.ru/offer/3922755367052563864/,8
2026-03-25 04:05:25,"32,2 м², квартира-студия",18500000,,,,,,,,"32,2 м², квартира-студия18 500 000 ₽574 534 ₽ за м²","Продается квартира-студию 32.2 м² по цене 18,5 млн ₽ на 4 этаже из 9. 📍 Адрес: Москва, улица Пудовкина, 19, ✅ Характеристики, описание и фото объекта id 9137391780858474345 на Яндекс Недвижимости",https://realty.yandex.ru/offer/9137391780858474345/,8
2026-03-25 04:05:35,"134,2 м², 2-комнатные апартаменты",70683136,,,,,,,,"134,2 м², 2-комнатные апартаменты70 683 136 ₽526 700 ₽ за м²","Продается 2-комнатные апартаменты 134.2 м² по цене 70,68 млн ₽ на 4 этаже из 19. 📍 Адрес: Москва, проспект Академика Сахарова, 7, ЖК RED7. ✅ Характеристики, описание и фото объекта id 7035929554499435285 на Яндекс Недвижимости",https://realty.yandex.ru/offer/7035929554499435285/,8
2026-03-25 04:05:45,"68,2 м², 2-комнатная квартира",41714392,,,,,,,,"68,2 м², 2-комнатная квартира41 714 392 ₽611 648 ₽ за м²","Продается двухкомнатная квартира 68.2 м² по цене 41,71 млн ₽ на 12 этаже из 49. 📍 Адрес: Москва, ЖК Первый Нагатинский, Квартал «Первый Нагатинский». ✅ Характеристики, описание и фото объекта id 8522441743989608725 на Яндекс Недвижимости",https://realty.yandex.ru/offer/8522441743989608725/,8
2026-03-25 04:05:56,"62,5 м², 3-комнатная квартира",17800000,,,,,,,,"62,5 м², 3-комнатная квартира17 800 000 ₽284 800 ₽ за м²","Продается трехкомнатная квартира 62.5 м² по цене 17,8 млн ₽ на 5 этаже из 9. 📍 Адрес: Москва, Щёлковское шоссе, 11, ✅ Характеристики, описание и фото объекта id 7035113340557126029 на Яндекс Недвижимости",https://realty.yandex.ru/offer/7035113340557126029/,8
2026-03-25 04:06:07,"50 м², 1-комнатные апартаменты",10250000,,,,,,,,"50 м², 1-комнатные апартаменты10 250 000 ₽205 000 ₽ за м²","Продается 1-комнатные апартаменты 50 м² по цене 10,25 млн ₽ на 2 этаже из 7. 📍 Адрес: Москва, Варшавское шоссе, 125с1, ✅ Характеристики, описание и фото объекта id 7053956915960881166 на Яндекс Недвижимости",https://realty.yandex.ru/offer/7053956915960881166/,8
2026-03-25 04:06:18,"64 м², 2-комнатная квартира",22900000,,,,,,,,"64 м², 2-комнатная квартира22 900 000 ₽357 813 ₽ за м²","Продается двухкомнатная квартира 64 м² по цене 22,9 млн ₽ на 19 этаже из 22. 📍 Адрес: Москва, поселение Московский, Родниковая улица, 30к1, ЖК «Румянцево-Парк». ✅ Характеристики, описание и фото объекта id 5180127926972925886 на Яндекс Недвижимости",https://realty.yandex.ru/offer/5180127926972925886/,8
2026-03-25 04:06:28,"130,1 м², 4-комнатная квартира",126636672,,,,,,,,"130,1 м², 4-комнатная квартира126 636 672 ₽973 604 ₽ за м²","Продается квартира 130.07 м² по цене 126,64 млн ₽ на 35 этаже из 85. 📍 Адрес: Москва, Краснопресненская набережная, 14с3, МФК «Дом Дау». ✅ Характеристики, описание и фото объекта id 4815934141268256477 на Яндекс Недвижимости",https://realty.yandex.ru/offer/4815934141268256477/,8
2026-03-25 04:06:40,"102,8 м², 3-комнатная квартира",76072000,,,,,,,,"102,8 м², 3-комнатная квартира76 072 000₽–5%72 268 400 ₽703 000 ₽ за м²","Продается трехкомнатная квартира 102.8 м² по цене 76,07 млн ₽ на 31 этаже из 57. 📍 Адрес: Москва, ЗАО, район Филёвский Парк, жилой комплекс Фили Сити, к5, ЖК «Феймос». ✅ Характеристики, описание и фото объекта id 7665822329302886781 на Яндекс Недвижимости",https://realty.yandex.ru/offer/7665822329302886781/,8
2026-03-25 04:06:51,"20,2 м², апартаменты-студия",6499000,,,,,,,,"20,2 м², апартаменты-студия6 499 000 ₽321 733 ₽ за м²","Продается апартаменты-студию 20.2 м² по цене 6,5 млн ₽ на 1 этаже из 5. 📍 Адрес: Москва, переулок Сивцев Вражек, 35, ✅ Характеристики, описание и фото объекта id 5227565616455357384 на Яндекс Недвижимости",https://realty.yandex.ru/offer/5227565616455357384/,8
2026-03-25 04:07:02,"62,3 м², 2-комнатная квартира",27000000,,,,,,,,"62,3 м², 2-комнатная квартира27 000 000 ₽433 387 ₽ за м²","Продается двухкомнатная квартира 62.3 м² по цене 27 млн ₽ на 8 этаже из 27. 📍 Адрес: Москва, набережная Марка Шагала, 15к2, Квартал «Шагал». ✅ Характеристики, описание и фото объекта id 7053956938258429907 на Яндекс Недвижимости",https://realty.yandex.ru/offer/7053956938258429907/,8
2026-03-25 04:07:12,"53 м², 1-комнатная квартира",36034700,,,,,,,,"53 м², 1-комнатная квартира36 034 700₽–18%29 548 454 ₽557 518 ₽ за м²","Продается однокомнатная квартира 53 м² по цене 36,03 млн ₽ на 6 этаже из 24. 📍 Адрес: Москва, Часовая улица, 28к4, ЖК СОУЛ. ✅ Характеристики, описание и фото объекта id 6963990753164234785 на Яндекс Недвижимости",https://realty.yandex.ru/offer/6963990753164234785/,8
2026-03-25 04:07:22,"134,8 м², 4-комнатная квартира",92821936,,,,,,,,"134,8 м², 4-комнатная квартира92 821 936 ₽688 590 ₽ за м²","Продается квартира 134.8 м² по цене 92,82 млн ₽ на 10 этаже из 19. 📍 Адрес: Москва, ЖК Северный Порт, ЖК «Северный порт. Береговые кварталы». ✅ Характеристики, описание и фото объекта id 5061791961124702470 на Яндекс Недвижимости",https://realty.yandex.ru/offer/5061791961124702470/,8
2026-03-25 04:07:33,"30 м², апартаменты-студия",16999000,,,,,,,,"30 м², апартаменты-студия16 999 000 ₽566 633 ₽ за м²","Продается апартаменты-студию 30 м² по цене 17 млн ₽ на 3 этаже из 7. 📍 Адрес: Москва, Нижегородская улица, 32с3, ЖК Loft FM. ✅ Характеристики, описание и фото объекта id 2990841155589782751 на Яндекс Недвижимости",https://realty.yandex.ru/offer/2990841155589782751/,8
2026-03-25 04:07:41,"35,5 м², 1-комнатная квартира",21990000,,,,,,,,"35,5 м², 1-комнатная квартира21 990 000 ₽619 437 ₽ за м²","Продается однокомнатная квартира 35.5 м² по цене 21,99 млн ₽ на 40 этаже из 9. 📍 Адрес: Москва, улица Борисовские Пруды, 3к2, ЖК «ВЕЙВ». ✅ Характеристики, описание и фото объекта id 7053956939145755871 на Яндекс Недвижимости",https://realty.yandex.ru/offer/7053956939145755871/,8
2026-03-25 04:07:51,"97,1 м², 4-комнатные апартаменты",36744280,,,,,,,,"97,1 м², 4-комнатные апартаменты36 744 280 ₽378 300 ₽ за м²","Продается апартаменты 97.13 м² по цене 36,74 млн ₽ на 12 этаже из 20. 📍 Адрес: Москва, Потешная улица, вл5с2, ЭВОПАРК Сокольники. ✅ Характеристики, описание и фото объекта id 6277033079621547641 на Яндекс Недвижимости",https://realty.yandex.ru/offer/6277033079621547641/,8
2026-03-25 04:08:02,"61,4 м², 2-комнатная квартира",22871500,,,,,,,,"61,4 м², 2-комнатная квартира22 871 500 ₽372 500 ₽ за м²","Продается двухкомнатная квартира 61.4 м² по цене 22,87 млн ₽ на 2 этаже из 17. 📍 Адрес: Москва, Проектируемый проезд № 1286, Лосиноостровский парк. ✅ Характеристики, описание и фото объекта id 4017216401910056484 на Яндекс Недвижимости",https://realty.yandex.ru/offer/4017216401910056484/,8
2026-03-25 04:08:13,"39,1 м², 2-комнатная квартира",27357028,,,,,,,,"39,1 м², 2-комнатная квартира27 357 028 ₽699 668 ₽ за м²","Продается двухкомнатная квартира 39.1 м² по цене 27,36 млн ₽ на 3 этаже из 6. 📍 Адрес: деревня Рогозинино, Луговая улица, 20Вк2, ЖК «Внуково Кантри Клаб». ✅ Характеристики, описание и фото объекта id 5556666461542348829 на Яндекс Недвижимости",https://realty.yandex.ru/offer/5556666461542348829/,8
2026-03-25 04:08:22,"46,9 м², 1-комнатная квартира",29547000,,,,,,,,"46,9 м², 1-комнатная квартира29 547 000 ₽630 000 ₽ за м²","Продается однокомнатная квартира 46.9 м² по цене 29,55 млн ₽ на 16 этаже из 11. 📍 Адрес: Москва, 2-й Хорошёвский проезд, 7с7, ЖК SEZAR CITY. ✅ Характеристики, описание и фото объекта id 6577256531751019565 на Яндекс Недвижимости",https://realty.yandex.ru/offer/6577256531751019565/,8
2026-03-25 04:08:34,"150 м², 5-комнатная квартира",89000000,,,,,,,,"150 м², 5-комнатная квартира89 000 000 ₽593 333 ₽ за м²","Продается квартира 150 м² по цене 89 млн ₽ на 30 этаже из 30. 📍 Адрес: Москва, ЗАО, район Очаково-Матвеевское, жилой комплекс Левел Мичуринский, к3, ЖК Левел Мичуринский. ✅ Характеристики, описание и фото объекта id 5180127926973015106 на Яндекс Недвижимости",https://realty.yandex.ru/offer/5180127926973015106/,8
2026-03-25 04:08:46,"42,3 м², 1-комнатная квартира",22500000,,,,,,,,"42,3 м², 1-комнатная квартира22 500 000 ₽531 915 ₽ за м²","Продается однокомнатная квартира 42.3 м² по цене 22,5 млн ₽ на 37 этаже из 46. 📍 Адрес: Москва, ЖК Архитектор, ЖК «Архитектор». ✅ Характеристики, описание и фото объекта id 5180127926972959396 на Яндекс Недвижимости",https://realty.yandex.ru/offer/5180127926972959396/,8
2026-03-25 04:08:56,"77,2 м², 2-комнатная квартира",37102320,,,,,,,,"77,2 м², 2-комнатная квартира37 102 320 ₽480 600 ₽ за м²","Продается двухкомнатная квартира 77.2 м² по цене 37,1 млн ₽ на 2 этаже из 14. 📍 Адрес: Москва, жилой комплекс Матвеевский Парк, 4.8, Матвеевский парк. ✅ Характеристики, описание и фото объекта id 4017216401874787076 на Яндекс Недвижимости",https://realty.yandex.ru/offer/4017216401874787076/,8
2026-03-25 04:09:07,"91,5 м², 3-комнатная квартира",37720000,,,,,,,,"91,5 м², 3-комнатная квартира37 720 000 ₽412 240 ₽ за м²","Продается трехкомнатная квартира 91.5 м² по цене 37,72 млн ₽ на 28 этаже из 30. 📍 Адрес: Москва, улица Петра Алексеева, 14, Жилой квартал «Кутузов Град». ✅ Характеристики, описание и фото объекта id 489660424904344626 на Яндекс Недвижимости",https://realty.yandex.ru/offer/489660424904344626/,8
2026-03-25 04:09:18,"143,1 м², 3-комнатная квартира",237284032,,,,,,,,"143,1 м², 3-комнатная квартира237 284 032 ₽1 657 938 ₽ за м²","Продается трехкомнатная квартира 143.12 м² по цене 237,28 млн ₽ на 1 этаже из 10. 📍 Адрес: Москва, остров Балчуг, ЖК «Садовническая 69». ✅ Характеристики, описание и фото объекта id 6242880550851563635 на Яндекс Недвижимости",https://realty.yandex.ru/offer/6242880550851563635/,8
2026-03-25 04:09:27,"52,9 м², 2-комнатная квартира",18500000,,,,,,,,"52,9 м², 2-комнатная квартира18 500 000 ₽349 716 ₽ за м²","Продается двухкомнатная квартира 52.9 м² по цене 18,5 млн ₽ на 3 этаже из 12. 📍 Адрес: Москва, Святоозёрская улица, 15, ✅ Характеристики, описание и фото объекта id 7035113340557126241 на Яндекс Недвижимости",https://realty.yandex.ru/offer/7035113340557126241/,8
2026-03-25 04:09:35,"38,3 м², 1-комнатная квартира",27246620,,,,,,,,"38,3 м², 1-комнатная квартира27 246 620₽–20%21 797 296 ₽569 120 ₽ за м²","Продается однокомнатная квартира 38.3 м² по цене 27,25 млн ₽ на 14 этаже из 24. 📍 Адрес: Москва, Часовая улица, 28к4, ЖК СОУЛ. ✅ Характеристики, описание и фото объекта id 6963990753164258687 на Яндекс Недвижимости",https://realty.yandex.ru/offer/6963990753164258687/,8
2026-03-25 04:09:46,"57,7 м², 2-комнатная квартира",14000000,,,,,,,,"57,7 м², 2-комнатная квартира14 000 000 ₽242 634 ₽ за м²","Продается двухкомнатная квартира 57.7 м² по цене 14 млн ₽ на 12 этаже из 25. 📍 Адрес: посёлок Битца, жилой комплекс Южная Битца, Парковая улица, 1, ЖК «Южная Битца». ✅ Характеристики, описание и фото объекта id 7053956938146595305 на Яндекс Недвижимости",https://realty.yandex.ru/offer/7053956938146595305/,8
2026-03-25 04:09:56,"60 м², 2-комнатные апартаменты",15490000,,,,,,,,"60 м², 2-комнатные апартаменты15 490 000 ₽258 167 ₽ за м²","Продается 2-комнатные апартаменты 60 м² по цене 15,49 млн ₽ на 2 этаже из 2. 📍 Адрес: Москва, Нагорная улица, 5с4, ✅ Характеристики, описание и фото объекта id 7053956940834132709 на Яндекс Недвижимости",https://realty.yandex.ru/offer/7053956940834132709/,8
2026-03-25 04:10:08,"36,9 м², 1-комнатная квартира",14000000,,,,,,,,"36,9 м², 1-комнатная квартира14 000 000 ₽379 404 ₽ за м²","Продается однокомнатная квартира 36.9 м² по цене 14 млн ₽ на 2 этаже из 22. 📍 Адрес: Москва, улица Грекова, 22, ✅ Характеристики, описание и фото объекта id 5099443024364794316 на Яндекс Недвижимости",https://realty.yandex.ru/offer/5099443024364794316/,8
2026-03-25 04:10:17,"98,3 м², 3-комнатная квартира",61201636,,,,,,,,"98,3 м², 3-комнатная квартира61 201 636₽–7%56 973 809 ₽579 709 ₽ за м²","Продается трехкомнатная квартира 98.28 м² по цене 61,2 млн ₽ на 7 этаже из 45. 📍 Адрес: Москва, СВАО, Бутырский район, Квартал небоскребов Апсайд Тауэрс. ✅ Характеристики, описание и фото объекта id 3771344938239984969 на Яндекс Недвижимости",https://realty.yandex.ru/offer/3771344938239984969/,8
2026-03-25 04:10:27,"68,1 м², 2-комнатная квартира",30247840,,,,,,,,"68,1 м², 2-комнатная квартира30 247 840 ₽444 168 ₽ за м²","Продается двухкомнатная квартира 68.1 м² по цене 30,25 млн ₽ на 34 этаже из 36. 📍 Адрес: Москва, ЖК Ситидзен, к2, Мультиквартал «СИТИДЗЕН». ✅ Характеристики, описание и фото объекта id 5736625325775757001 на Яндекс Недвижимости",https://realty.yandex.ru/offer/5736625325775757001/,8
2026-03-25 04:10:39,"167,5 м², 6-комнатные апартаменты",402048000,,,,,,,,"167,5 м², 6-комнатные апартаменты402 048 000 ₽2 400 000 ₽ за м²","Продается апартаменты 167.52 м² по цене 402,05 млн ₽ на 4 этаже из 7. 📍 Адрес: Москва, улица Кузнецкий Мост, 12/3с1, Клубный дом Kuznetsky Most 12 by Lalique. ✅ Характеристики, описание и фото объекта id 4805508911738004671 на Яндекс Недвижимости",https://realty.yandex.ru/offer/4805508911738004671/,8
2026-03-25 04:10:51,"67,2 м², 3-комнатная квартира",32400000,,,,,,,,"67,2 м², 3-комнатная квартира32 400 000 ₽482 143 ₽ за м²","Продается трехкомнатная квартира 67.2 м² по цене 32,4 млн ₽ на 2 этаже из 8. 📍 Адрес: Москва, Кутузовский проспект, 5/3, ✅ Характеристики, описание и фото объекта id 7789509067313333248 на Яндекс Недвижимости",https://realty.yandex.ru/offer/7789509067313333248/,8
2026-03-25 04:10:56,Произошла ошибка,,,,,,,,,,,https://realty.yandex.ru/offer/8214315482507991553/,0
2026-03-25 04:11:06,"34 м², 1-комнатная квартира",18020000,,,,,,,,"34 м², 1-комнатная квартира18 020 000 ₽530 000 ₽ за м²","Продается однокомнатная квартира 34 м² по цене 18,02 млн ₽ на 10 этаже из 28. 📍 Адрес: Москва, Отрадная улица, 4А, Дом МАЛЕВИЧ. ✅ Характеристики, описание и фото объекта id 8360277402522354875 на Яндекс Недвижимости",https://realty.yandex.ru/offer/8360277402522354875/,8
2026-03-25 04:11:16,"86,4 м², 3-комнатная квартира",31337280,,,,,,,,"86,4 м², 3-комнатная квартира31 337 280 ₽362 700 ₽ за м²","Продается трехкомнатная квартира 86.4 м² по цене 31,34 млн ₽ на 8 этаже из 12. 📍 Адрес: Москва, Амурская улица, 2Ак1, Амурский парк. ✅ Характеристики, описание и фото объекта id 4017216401904251153 на Яндекс Недвижимости",https://realty.yandex.ru/offer/4017216401904251153/,8
2026-03-25 04:11:26,"22 м², квартира-студия",7600000,,,,,,,,"22 м², квартира-студия7 600 000 ₽345 455 ₽ за м²","Продается квартира-студию 22 м² по цене 7,6 млн ₽ на 1 этаже из 9. 📍 Адрес: Москва, Дмитровское шоссе, 43к1, ✅ Характеристики, описание и фото объекта id 3938452234512268610 на Яндекс Недвижимости",https://realty.yandex.ru/offer/3938452234512268610/,8
2026-03-25 04:11:36,"73,5 м², 1-комнатная квартира",158708096,,,,,,,,"73,5 м², 1-комнатная квартира158 708 096 ₽2 159 000 ₽ за м²","Продается однокомнатная квартира 73.51 м² по цене 158,71 млн ₽ на 9 этаже из 13. 📍 Адрес: Москва, Садовая-Сухаревская улица, 14, Клубный дом «Форум». ✅ Характеристики, описание и фото объекта id 7672736047634112717 на Яндекс Недвижимости",https://realty.yandex.ru/offer/7672736047634112717/,8
2026-03-25 04:11:47,"303 м², 5-комнатная квартира",275000000,,,,,,,,"303 м², 5-комнатная квартира275 000 000 ₽907 591 ₽ за м²","Продается квартира 303 м² по цене 275 млн ₽ на 3 этаже из 5. 📍 Адрес: Москва, улица Остоженка, 7с1, ✅ Характеристики, описание и фото объекта id 5228459389428247358 на Яндекс Недвижимости",https://realty.yandex.ru/offer/5228459389428247358/,8
2026-03-25 04:11:57,"40,1 м², 1-комнатная квартира",26293570,,,,,,,,"40,1 м², 1-комнатная квартира26 293 570₽–12%23 138 341 ₽577 016 ₽ за м²","Продается однокомнатная квартира 40.1 м² по цене 26,29 млн ₽ на 8 этаже из 12. 📍 Адрес: Москва, ЖК Мангазея на Речном, Мангазея на Речном. ✅ Характеристики, описание и фото объекта id 9210334476535223776 на Яндекс Недвижимости",https://realty.yandex.ru/offer/9210334476535223776/,8
2026-03-25 04:12:07,"109 м², 3-комнатные апартаменты",153440000,,,,,,,,"109 м², 3-комнатные апартаменты153 440 000 ₽1 407 706 ₽ за м²","Продается 3-комнатные апартаменты 109 м² по цене 153,44 млн ₽ на 2 этаже из 2. 📍 Адрес: Москва, улица Пречистенка, 33/19с2, ✅ Характеристики, описание и фото объекта id 5228459389428247264 на Яндекс Недвижимости",https://realty.yandex.ru/offer/5228459389428247264/,8
2026-03-25 04:12:17,"78,5 м², 3-комнатная квартира",52084752,,,,,,,,"78,5 м², 3-комнатная квартира52 084 752 ₽663 500 ₽ за м²","Продается трехкомнатная квартира 78.5 м² по цене 52,08 млн ₽ на 7 этаже из 22. 📍 Адрес: Москва, Покровская набережная, 16, ЖК «Клубный город на реке Примавера». ✅ Характеристики, описание и фото объекта id 6829159713520895381 на Яндекс Недвижимости",https://realty.yandex.ru/offer/6829159713520895381/,8
2026-03-25 04:12:28,"60,5 м², 3-комнатная квартира",30590000,,,,,,,,"60,5 м², 3-комнатная квартира30 590 000 ₽505 620 ₽ за м²","Продается трехкомнатная квартира 60.5 м² по цене 30,59 млн ₽ на 7 этаже из 9. 📍 Адрес: Москва, Зоологическая улица, 32, ✅ Характеристики, описание и фото объекта id 8756510268060145713 на Яндекс Недвижимости",https://realty.yandex.ru/offer/8756510268060145713/,8
2026-03-25 04:12:40,"64,4 м², 3-комнатная квартира",22500000,,,,,,,,"64,4 м², 3-комнатная квартира22 500 000 ₽349 379 ₽ за м²","Продается трехкомнатная квартира 64.4 м² по цене 22,5 млн ₽ на 6 этаже из 16. 📍 Адрес: Москва, улица Народного Ополчения, 22к2, ✅ Характеристики, описание и фото объекта id 5316974692150949546 на Яндекс Недвижимости",https://realty.yandex.ru/offer/5316974692150949546/,8
2026-03-25 04:12:50,"80 м², 3-комнатная квартира",43000000,,,,,,,,"80 м², 3-комнатная квартира43 000 000 ₽537 500 ₽ за м²","Продается трехкомнатная квартира 80 м² по цене 43 млн ₽ на 4 этаже из 21. 📍 Адрес: Москва, улица Нижние Мнёвники, 7, ЖК «Остров». ✅ Характеристики, описание и фото объекта id 5180127926973702159 на Яндекс Недвижимости",https://realty.yandex.ru/offer/5180127926973702159/,8
